timestamp,event_type,entity_id,details
2026-05-22T14:48:39.396173+00:00,RISK_SCORE,T000000,REVIEW risk_score=67.5
2026-05-22T14:48:39.396173+00:00,RISK_SCORE,T000001,REVIEW risk_score=67.5
2026-05-22T14:48:39.396173+00:00,RISK_SCORE,T000002,REVIEW risk_score=67.5
2026-05-22T14:48:39.396173+00:00,RISK_SCORE,T000003,REVIEW risk_score=66.1
2026-05-22T14:48:39.396173+00:00,RISK_SCORE,T000004,REVIEW risk_score=67.5
2026-05-22T14:48:39.396173+00:00,RISK_SCORE,T000005,REVIEW risk_score=67.5
2026-05-22T14:48:39.396173+00:00,RISK_SCORE,T000006,REVIEW risk_score=65.0
2026-05-22T14:48:39.396173+00:00,RISK_SCORE,T000007,REVIEW risk_score=67.5
2026-05-22T14:48:39.396173+00:00,RISK_SCORE,T000008,REVIEW risk_score=67.5
2026-05-22T14:48:39.396173+00:00,RISK_SCORE,T000009,REVIEW risk_score=67.5
2026-05-22T14:48:39.396173+00:00,RISK_SCORE,T000010,APPROVE risk_score=0.0
2026-05-22T14:48:39.396173+00:00,RISK_SCORE,T000011,APPROVE risk_score=0.0
2026-05-22T14:48:39.396173+00:00,RISK_SCORE,T000012,APPROVE risk_score=0.0
2026-05-22T14:48:39.396173+00:00,RISK_SCORE,T000013,APPROVE risk_score=0.0
2026-05-22T14:48:39.396173+00:00,RISK_SCORE,T000014,APPROVE risk_score=0.0
2026-05-22T14:48:39.396173+00:00,RISK_SCORE,T000015,REVIEW risk_score=41.0
2026-05-22T14:48:39.396173+00:00,RISK_SCORE,T000016,REVIEW risk_score=41.0
2026-05-22T14:48:39.396173+00:00,RISK_SCORE,T000017,REVIEW risk_score=41.0
2026-05-22T14:48:39.396173+00:00,RISK_SCORE,T000018,REVIEW risk_score=40.0
2026-05-22T14:48:39.396173+00:00,RISK_SCORE,T000019,REVIEW risk_score=40.0
2026-05-22T14:48:39.396173+00:00,RISK_SCORE,T000020,APPROVE risk_score=14.27
2026-05-22T14:48:39.396173+00:00,RISK_SCORE,T000021,APPROVE risk_score=0.0
2026-05-22T14:48:39.396173+00:00,RISK_SCORE,T000022,APPROVE risk_score=0.0
2026-05-22T14:48:39.396173+00:00,RISK_SCORE,T000023,REVIEW risk_score=40.0
2026-05-22T14:48:39.396173+00:00,RISK_SCORE,T000024,APPROVE risk_score=32.5
2026-05-22T14:48:39.396173+00:00,RISK_SCORE,T000025,APPROVE risk_score=32.5
2026-05-22T14:48:39.396173+00:00,RISK_SCORE,T000026,APPROVE risk_score=32.5
2026-05-22T14:48:39.396173+00:00,RISK_SCORE,T000027,APPROVE risk_score=32.5
2026-05-22T14:48:39.396173+00:00,RISK_SCORE,T000028,APPROVE risk_score=32.5
2026-05-22T14:48:39.396173+00:00,RISK_SCORE,T000029,REVIEW risk_score=46.03
2026-05-22T14:48:39.396173+00:00,RISK_SCORE,T000030,APPROVE risk_score=32.5
2026-05-22T14:48:39.396173+00:00,RISK_SCORE,T000031,APPROVE risk_score=32.5
2026-05-22T14:48:39.396173+00:00,RISK_SCORE,T000032,REVIEW risk_score=60.25
2026-05-22T14:48:39.396173+00:00,RISK_SCORE,T000033,REVIEW risk_score=60.25
2026-05-22T14:48:39.396173+00:00,RISK_SCORE,T000034,REVIEW risk_score=60.25
2026-05-22T14:48:39.396173+00:00,RISK_SCORE,T000035,REVIEW risk_score=60.25
2026-05-22T14:48:39.396173+00:00,RISK_SCORE,T000036,REVIEW risk_score=60.25
2026-05-22T14:48:39.396173+00:00,RISK_SCORE,T000037,REVIEW risk_score=60.25
2026-05-22T14:48:39.396173+00:00,RISK_SCORE,T000038,REVIEW risk_score=60.25
2026-05-22T14:48:39.396173+00:00,RISK_SCORE,T000039,REVIEW risk_score=60.25
2026-05-22T14:48:39.396173+00:00,RISK_SCORE,T000040,REVIEW risk_score=60.25
2026-05-22T14:48:39.396173+00:00,RISK_SCORE,T000041,BLOCK risk_score=74.16
2026-05-22T14:48:39.396173+00:00,RISK_SCORE,T000042,BLOCK risk_score=75.1
2026-05-22T14:48:39.396173+00:00,RISK_SCORE,T000043,BLOCK risk_score=78.93
2026-05-22T14:48:39.396173+00:00,RISK_SCORE,T000044,REVIEW risk_score=60.25
2026-05-22T14:48:39.396173+00:00,RISK_SCORE,T000045,BLOCK risk_score=74.46
2026-05-22T14:48:39.396173+00:00,RISK_SCORE,T000046,BLOCK risk_score=77.81
2026-05-22T14:48:39.396173+00:00,RISK_SCORE,T000047,BLOCK risk_score=75.94
2026-05-22T14:48:39.396173+00:00,RISK_SCORE,T000048,APPROVE risk_score=0.0
2026-05-22T14:48:39.396173+00:00,RISK_SCORE,T000049,APPROVE risk_score=0.0
2026-05-22T14:48:39.396173+00:00,RISK_SCORE,T000050,APPROVE risk_score=0.0
2026-05-22T14:48:39.396173+00:00,RISK_SCORE,T000051,APPROVE risk_score=0.0
2026-05-22T14:48:39.396173+00:00,RISK_SCORE,T000052,APPROVE risk_score=0.0
2026-05-22T14:48:39.396173+00:00,RISK_SCORE,T000053,APPROVE risk_score=0.0
2026-05-22T14:48:39.396173+00:00,RISK_SCORE,T000054,APPROVE risk_score=0.0
2026-05-22T14:48:39.396173+00:00,RISK_SCORE,T000055,APPROVE risk_score=0.0
2026-05-22T14:48:39.396173+00:00,RISK_SCORE,T000056,APPROVE risk_score=0.0
2026-05-22T14:48:39.396173+00:00,RISK_SCORE,T000057,APPROVE risk_score=0.0
2026-05-22T14:48:39.396173+00:00,RISK_SCORE,T000058,REVIEW risk_score=48.75
2026-05-22T14:48:39.396173+00:00,RISK_SCORE,T000059,APPROVE risk_score=21.25
2026-05-22T14:48:39.396173+00:00,RISK_SCORE,T000060,REVIEW risk_score=48.75
2026-05-22T14:48:39.396173+00:00,RISK_SCORE,T000061,REVIEW risk_score=48.75
2026-05-22T14:48:39.396173+00:00,RISK_SCORE,T000062,APPROVE risk_score=21.25
2026-05-22T14:48:39.396173+00:00,RISK_SCORE,T000063,REVIEW risk_score=63.17
2026-05-22T14:48:39.396173+00:00,RISK_SCORE,T000064,REVIEW risk_score=48.75
2026-05-22T14:48:39.396173+00:00,RISK_SCORE,T000065,APPROVE risk_score=21.25
2026-05-22T14:48:39.396173+00:00,RISK_SCORE,T000066,REVIEW risk_score=48.75
2026-05-22T14:48:39.396173+00:00,RISK_SCORE,T000067,REVIEW risk_score=48.75
2026-05-22T14:48:39.396173+00:00,RISK_SCORE,T000068,APPROVE risk_score=35.2
2026-05-22T14:48:39.396173+00:00,RISK_SCORE,T000069,REVIEW risk_score=48.75
2026-05-22T14:48:39.396173+00:00,RISK_SCORE,T000070,REVIEW risk_score=42.78
2026-05-22T14:48:39.396173+00:00,RISK_SCORE,T000071,REVIEW risk_score=42.48
2026-05-22T14:48:39.396173+00:00,RISK_SCORE,T000072,REVIEW risk_score=67.5
2026-05-22T14:48:39.396173+00:00,RISK_SCORE,T000073,REVIEW risk_score=67.5
2026-05-22T14:48:39.396173+00:00,RISK_SCORE,T000074,REVIEW risk_score=67.5
2026-05-22T14:48:39.396173+00:00,RISK_SCORE,T000075,APPROVE risk_score=27.5
2026-05-22T14:48:39.396173+00:00,RISK_SCORE,T000076,REVIEW risk_score=42.48
2026-05-22T14:48:39.396173+00:00,RISK_SCORE,T000077,APPROVE risk_score=27.5
2026-05-22T14:48:39.396173+00:00,RISK_SCORE,T000078,APPROVE risk_score=27.5
2026-05-22T14:48:39.396173+00:00,RISK_SCORE,T000079,REVIEW risk_score=46.28
2026-05-22T14:48:39.396173+00:00,RISK_SCORE,T000080,REVIEW risk_score=67.5
2026-05-22T14:48:39.396173+00:00,RISK_SCORE,T000081,REVIEW risk_score=59.4
2026-05-22T14:48:39.396173+00:00,RISK_SCORE,T000082,REVIEW risk_score=60.84
2026-05-22T14:48:39.396173+00:00,RISK_SCORE,T000083,REVIEW risk_score=64.89
2026-05-22T14:48:39.396173+00:00,RISK_SCORE,T000084,REVIEW risk_score=63.31
2026-05-22T14:48:39.396173+00:00,RISK_SCORE,T000085,REVIEW risk_score=58.73
2026-05-22T14:48:39.396173+00:00,RISK_SCORE,T000086,REVIEW risk_score=63.42
2026-05-22T14:48:39.396173+00:00,RISK_SCORE,T000087,REVIEW risk_score=59.33
2026-05-22T14:48:39.396173+00:00,RISK_SCORE,T000088,REVIEW risk_score=65.41
2026-05-22T14:48:39.396173+00:00,RISK_SCORE,T000089,REVIEW risk_score=67.5
2026-05-22T14:48:39.396173+00:00,RISK_SCORE,T000090,APPROVE risk_score=0.0
2026-05-22T14:48:39.396173+00:00,RISK_SCORE,T000091,APPROVE risk_score=0.0
2026-05-22T14:48:39.396173+00:00,RISK_SCORE,T000092,APPROVE risk_score=0.0
2026-05-22T14:48:39.396173+00:00,RISK_SCORE,T000093,APPROVE risk_score=0.0
2026-05-22T14:48:39.396173+00:00,RISK_SCORE,T000094,APPROVE risk_score=0.0
2026-05-22T14:48:39.396173+00:00,RISK_SCORE,T000095,APPROVE risk_score=0.0
2026-05-22T14:48:39.396173+00:00,RISK_SCORE,T000096,APPROVE risk_score=0.0
2026-05-22T14:48:39.396173+00:00,RISK_SCORE,T000097,APPROVE risk_score=0.0
2026-05-22T14:48:39.396173+00:00,RISK_SCORE,T000098,APPROVE risk_score=0.0
2026-05-22T14:48:39.396173+00:00,RISK_SCORE,T000099,APPROVE risk_score=0.0
2026-05-22T14:48:39.396173+00:00,RISK_SCORE,T000100,APPROVE risk_score=0.0
2026-05-22T14:48:39.396173+00:00,RISK_SCORE,T000101,APPROVE risk_score=0.0
2026-05-22T14:48:39.396173+00:00,RISK_SCORE,T000102,APPROVE risk_score=0.0
2026-05-22T14:48:39.396173+00:00,RISK_SCORE,T000103,APPROVE risk_score=0.0
2026-05-22T14:48:39.396173+00:00,RISK_SCORE,T000104,APPROVE risk_score=0.0
2026-05-22T14:48:39.396173+00:00,RISK_SCORE,T000105,APPROVE risk_score=0.0
2026-05-22T14:48:39.396173+00:00,RISK_SCORE,T000106,APPROVE risk_score=0.0
2026-05-22T14:48:39.396173+00:00,RISK_SCORE,T000107,APPROVE risk_score=0.0
2026-05-22T14:48:39.396173+00:00,RISK_SCORE,T000108,APPROVE risk_score=0.0
2026-05-22T14:48:39.396173+00:00,RISK_SCORE,T000109,APPROVE risk_score=0.0
2026-05-22T14:48:39.396173+00:00,RISK_SCORE,T000110,APPROVE risk_score=0.0
2026-05-22T14:48:39.396173+00:00,RISK_SCORE,T000111,APPROVE risk_score=0.0
2026-05-22T14:48:39.396173+00:00,RISK_SCORE,T000112,APPROVE risk_score=0.0
2026-05-22T14:48:39.396173+00:00,RISK_SCORE,T000113,APPROVE risk_score=0.0
2026-05-22T14:48:39.396173+00:00,RISK_SCORE,T000114,APPROVE risk_score=0.0
2026-05-22T14:48:39.396173+00:00,RISK_SCORE,T000115,APPROVE risk_score=0.0
2026-05-22T14:48:39.396173+00:00,RISK_SCORE,T000116,APPROVE risk_score=0.0
2026-05-22T14:48:39.396173+00:00,RISK_SCORE,T000117,APPROVE risk_score=0.0
2026-05-22T14:48:39.396173+00:00,RISK_SCORE,T000118,APPROVE risk_score=0.0
2026-05-22T14:48:39.396173+00:00,RISK_SCORE,T000119,APPROVE risk_score=0.0
2026-05-22T14:48:39.396173+00:00,RISK_SCORE,T000120,APPROVE risk_score=0.0
2026-05-22T14:48:39.396173+00:00,RISK_SCORE,T000121,APPROVE risk_score=0.0
2026-05-22T14:48:39.396173+00:00,RISK_SCORE,T000122,APPROVE risk_score=0.0
2026-05-22T14:48:39.396173+00:00,RISK_SCORE,T000123,APPROVE risk_score=0.0
2026-05-22T14:48:39.396173+00:00,RISK_SCORE,T000124,APPROVE risk_score=0.0
2026-05-22T14:48:39.396173+00:00,RISK_SCORE,T000125,APPROVE risk_score=0.0
2026-05-22T14:48:39.396173+00:00,RISK_SCORE,T000126,APPROVE risk_score=0.0
2026-05-22T14:48:39.396173+00:00,RISK_SCORE,T000127,APPROVE risk_score=0.0
2026-05-22T14:48:39.396173+00:00,RISK_SCORE,T000128,APPROVE risk_score=0.0
2026-05-22T14:48:39.396173+00:00,RISK_SCORE,T000129,APPROVE risk_score=0.0
2026-05-22T14:48:39.396173+00:00,RISK_SCORE,T000130,APPROVE risk_score=0.0
2026-05-22T14:48:39.396173+00:00,RISK_SCORE,T000131,APPROVE risk_score=0.0
2026-05-22T14:48:39.396173+00:00,RISK_SCORE,T000132,APPROVE risk_score=0.0
2026-05-22T14:48:39.396173+00:00,RISK_SCORE,T000133,APPROVE risk_score=0.0
2026-05-22T14:48:39.396173+00:00,RISK_SCORE,T000134,APPROVE risk_score=0.0
2026-05-22T14:48:39.396173+00:00,RISK_SCORE,T000135,APPROVE risk_score=0.0
2026-05-22T14:48:39.396173+00:00,RISK_SCORE,T000136,APPROVE risk_score=0.0
2026-05-22T14:48:39.396173+00:00,RISK_SCORE,T000137,APPROVE risk_score=0.0
2026-05-22T14:48:39.396173+00:00,RISK_SCORE,T000138,APPROVE risk_score=0.0
2026-05-22T14:48:39.396173+00:00,RISK_SCORE,T000139,APPROVE risk_score=0.0
2026-05-22T14:48:39.396173+00:00,RISK_SCORE,T000140,APPROVE risk_score=0.0
2026-05-22T14:48:39.396173+00:00,RISK_SCORE,T000141,APPROVE risk_score=0.0
2026-05-22T14:48:39.396173+00:00,RISK_SCORE,T000142,APPROVE risk_score=0.0
2026-05-22T14:48:39.396173+00:00,RISK_SCORE,T000143,APPROVE risk_score=0.0
2026-05-22T14:48:39.396173+00:00,RISK_SCORE,T000144,APPROVE risk_score=0.0
2026-05-22T14:48:39.396173+00:00,RISK_SCORE,T000145,APPROVE risk_score=0.0
2026-05-22T14:48:39.396173+00:00,RISK_SCORE,T000146,APPROVE risk_score=0.0
2026-05-22T14:48:39.396173+00:00,RISK_SCORE,T000147,APPROVE risk_score=0.0
2026-05-22T14:48:39.396173+00:00,RISK_SCORE,T000148,APPROVE risk_score=0.0
2026-05-22T14:48:39.396173+00:00,RISK_SCORE,T000149,APPROVE risk_score=0.0
2026-05-22T14:48:39.396173+00:00,RISK_SCORE,T000150,APPROVE risk_score=0.0
2026-05-22T14:48:39.396173+00:00,RISK_SCORE,T000151,APPROVE risk_score=0.0
2026-05-22T14:48:39.396173+00:00,RISK_SCORE,T000152,APPROVE risk_score=0.0
2026-05-22T14:48:39.396173+00:00,RISK_SCORE,T000153,APPROVE risk_score=0.0
2026-05-22T14:48:39.396173+00:00,RISK_SCORE,T000154,APPROVE risk_score=0.0
2026-05-22T14:48:39.396173+00:00,RISK_SCORE,T000155,APPROVE risk_score=0.0
2026-05-22T14:48:39.396173+00:00,RISK_SCORE,T000156,APPROVE risk_score=0.0
2026-05-22T14:48:39.396173+00:00,RISK_SCORE,T000157,APPROVE risk_score=0.0
2026-05-22T14:48:39.396173+00:00,RISK_SCORE,T000158,APPROVE risk_score=0.0
2026-05-22T14:48:39.396173+00:00,RISK_SCORE,T000159,APPROVE risk_score=0.0
2026-05-22T14:48:39.396173+00:00,RISK_SCORE,T000160,APPROVE risk_score=0.0
2026-05-22T14:48:39.396173+00:00,RISK_SCORE,T000161,APPROVE risk_score=0.0
2026-05-22T14:48:39.396173+00:00,RISK_SCORE,T000162,APPROVE risk_score=0.0
2026-05-22T14:48:39.396173+00:00,RISK_SCORE,T000163,APPROVE risk_score=0.0
2026-05-22T14:48:39.396173+00:00,RISK_SCORE,T000164,APPROVE risk_score=0.0
2026-05-22T14:48:39.396173+00:00,RISK_SCORE,T000165,APPROVE risk_score=0.0
2026-05-22T14:48:39.396173+00:00,RISK_SCORE,T000166,APPROVE risk_score=0.0
2026-05-22T14:48:39.396173+00:00,RISK_SCORE,T000167,APPROVE risk_score=0.0
2026-05-22T14:48:39.396173+00:00,RISK_SCORE,T000168,APPROVE risk_score=0.0
2026-05-22T14:48:39.396173+00:00,RISK_SCORE,T000169,APPROVE risk_score=0.0
2026-05-22T14:48:39.396173+00:00,RISK_SCORE,T000170,APPROVE risk_score=0.0
2026-05-22T14:48:39.396173+00:00,RISK_SCORE,T000171,APPROVE risk_score=0.0
2026-05-22T14:48:39.396173+00:00,RISK_SCORE,T000172,APPROVE risk_score=0.0
2026-05-22T14:48:39.396173+00:00,RISK_SCORE,T000173,APPROVE risk_score=0.0
2026-05-22T14:48:39.396173+00:00,RISK_SCORE,T000174,APPROVE risk_score=0.0
2026-05-22T14:48:39.396173+00:00,RISK_SCORE,T000175,APPROVE risk_score=0.0
2026-05-22T14:48:39.396173+00:00,RISK_SCORE,T000176,APPROVE risk_score=0.0
2026-05-22T14:48:39.396173+00:00,RISK_SCORE,T000177,APPROVE risk_score=0.0
2026-05-22T14:48:39.396173+00:00,RISK_SCORE,T000178,APPROVE risk_score=0.0
2026-05-22T14:48:39.396173+00:00,RISK_SCORE,T000179,APPROVE risk_score=0.0
2026-05-22T14:48:39.396173+00:00,RISK_SCORE,T000180,APPROVE risk_score=0.0
2026-05-22T14:48:39.396173+00:00,RISK_SCORE,T000181,APPROVE risk_score=0.0
2026-05-22T14:48:39.396173+00:00,RISK_SCORE,T000182,APPROVE risk_score=0.0
2026-05-22T14:48:39.396173+00:00,RISK_SCORE,T000183,APPROVE risk_score=16.42
2026-05-22T14:48:39.396173+00:00,RISK_SCORE,T000184,APPROVE risk_score=0.0
2026-05-22T14:48:39.396173+00:00,RISK_SCORE,T000185,APPROVE risk_score=0.0
2026-05-22T14:48:39.396173+00:00,RISK_SCORE,T000186,APPROVE risk_score=0.0
2026-05-22T14:48:39.396173+00:00,RISK_SCORE,T000187,APPROVE risk_score=0.0
2026-05-22T14:48:39.396173+00:00,RISK_SCORE,T000188,APPROVE risk_score=0.0
2026-05-22T14:48:39.396173+00:00,RISK_SCORE,T000189,APPROVE risk_score=0.0
2026-05-22T14:48:39.396173+00:00,RISK_SCORE,T000190,APPROVE risk_score=0.0
2026-05-22T14:48:39.396173+00:00,RISK_SCORE,T000191,APPROVE risk_score=0.0
2026-05-22T14:48:39.396173+00:00,RISK_SCORE,T000192,APPROVE risk_score=0.0
2026-05-22T14:48:39.396173+00:00,RISK_SCORE,T000193,APPROVE risk_score=0.0
2026-05-22T14:48:39.396173+00:00,RISK_SCORE,T000194,APPROVE risk_score=0.0
2026-05-22T14:48:39.396173+00:00,RISK_SCORE,T000195,APPROVE risk_score=18.02
2026-05-22T14:48:39.396173+00:00,RISK_SCORE,T000196,APPROVE risk_score=39.0
2026-05-22T14:48:39.396173+00:00,RISK_SCORE,T000197,APPROVE risk_score=0.0
2026-05-22T14:48:39.396173+00:00,RISK_SCORE,T000198,APPROVE risk_score=0.0
2026-05-22T14:48:39.396173+00:00,RISK_SCORE,T000199,APPROVE risk_score=0.0
2026-05-22T14:48:39.396173+00:00,RISK_SCORE,T000200,APPROVE risk_score=0.0
2026-05-22T14:48:39.396173+00:00,RISK_SCORE,T000201,APPROVE risk_score=0.0
2026-05-22T14:48:39.396173+00:00,RISK_SCORE,T000202,APPROVE risk_score=0.0
2026-05-22T14:48:39.396173+00:00,RISK_SCORE,T000203,APPROVE risk_score=0.0
2026-05-22T14:48:39.396173+00:00,RISK_SCORE,T000204,APPROVE risk_score=0.0
2026-05-22T14:48:39.396173+00:00,RISK_SCORE,T000205,APPROVE risk_score=0.0
2026-05-22T14:48:39.396173+00:00,RISK_SCORE,T000206,APPROVE risk_score=0.0
2026-05-22T14:48:39.396173+00:00,RISK_SCORE,T000207,APPROVE risk_score=0.0
2026-05-22T14:48:39.396173+00:00,RISK_SCORE,T000208,APPROVE risk_score=0.0
2026-05-22T14:48:39.396173+00:00,RISK_SCORE,T000209,APPROVE risk_score=0.0
2026-05-22T14:48:39.396173+00:00,RISK_SCORE,T000210,APPROVE risk_score=0.0
2026-05-22T14:48:39.396173+00:00,RISK_SCORE,T000211,APPROVE risk_score=0.0
2026-05-22T14:48:39.396173+00:00,RISK_SCORE,T000212,APPROVE risk_score=0.0
2026-05-22T14:48:39.396173+00:00,RISK_SCORE,T000213,APPROVE risk_score=0.0
2026-05-22T14:48:39.396173+00:00,RISK_SCORE,T000214,APPROVE risk_score=0.0
2026-05-22T14:48:39.396173+00:00,RISK_SCORE,T000215,APPROVE risk_score=0.0
2026-05-22T14:48:39.396173+00:00,RISK_SCORE,T000216,APPROVE risk_score=0.0
2026-05-22T14:48:39.396173+00:00,RISK_SCORE,T000217,APPROVE risk_score=0.0
2026-05-22T14:48:39.396173+00:00,RISK_SCORE,T000218,APPROVE risk_score=0.0
2026-05-22T14:48:39.396173+00:00,RISK_SCORE,T000219,APPROVE risk_score=0.0
2026-05-22T14:48:39.396173+00:00,RISK_SCORE,T000220,APPROVE risk_score=0.0
2026-05-22T14:48:39.396173+00:00,RISK_SCORE,T000221,APPROVE risk_score=0.0
2026-05-22T14:48:39.396173+00:00,RISK_SCORE,T000222,APPROVE risk_score=0.0
2026-05-22T14:48:39.396173+00:00,RISK_SCORE,T000223,APPROVE risk_score=0.0
2026-05-22T14:48:39.396173+00:00,RISK_SCORE,T000224,APPROVE risk_score=0.0
2026-05-22T14:48:39.396173+00:00,RISK_SCORE,T000225,APPROVE risk_score=0.0
2026-05-22T14:48:39.396173+00:00,RISK_SCORE,T000226,APPROVE risk_score=0.0
2026-05-22T14:48:39.396173+00:00,RISK_SCORE,T000227,APPROVE risk_score=0.0
2026-05-22T14:48:39.396173+00:00,RISK_SCORE,T000228,APPROVE risk_score=0.0
2026-05-22T14:48:39.396173+00:00,RISK_SCORE,T000229,APPROVE risk_score=0.0
2026-05-22T14:48:39.396173+00:00,RISK_SCORE,T000230,APPROVE risk_score=0.0
2026-05-22T14:48:39.396173+00:00,RISK_SCORE,T000231,APPROVE risk_score=0.0
2026-05-22T14:48:39.396173+00:00,RISK_SCORE,T000232,APPROVE risk_score=0.0
2026-05-22T14:48:39.396173+00:00,RISK_SCORE,T000233,APPROVE risk_score=0.0
2026-05-22T14:48:39.396173+00:00,RISK_SCORE,T000234,APPROVE risk_score=0.0
2026-05-22T14:48:39.396173+00:00,RISK_SCORE,T000235,APPROVE risk_score=0.0
2026-05-22T14:48:39.396173+00:00,RISK_SCORE,T000236,APPROVE risk_score=0.0
2026-05-22T14:48:39.396173+00:00,RISK_SCORE,T000237,APPROVE risk_score=0.0
2026-05-22T14:48:39.396173+00:00,RISK_SCORE,T000238,APPROVE risk_score=0.0
2026-05-22T14:48:39.396173+00:00,RISK_SCORE,T000239,APPROVE risk_score=0.0
2026-05-22T14:48:39.396173+00:00,RISK_SCORE,T000240,APPROVE risk_score=0.0
2026-05-22T14:48:39.396173+00:00,RISK_SCORE,T000241,APPROVE risk_score=0.0
2026-05-22T14:48:39.396173+00:00,RISK_SCORE,T000242,APPROVE risk_score=0.0
2026-05-22T14:48:39.396173+00:00,RISK_SCORE,T000243,APPROVE risk_score=0.0
2026-05-22T14:48:39.396173+00:00,RISK_SCORE,T000244,APPROVE risk_score=0.0
2026-05-22T14:48:39.396173+00:00,RISK_SCORE,T000245,APPROVE risk_score=0.0
2026-05-22T14:48:39.396173+00:00,RISK_SCORE,T000246,APPROVE risk_score=0.0
2026-05-22T14:48:39.396173+00:00,RISK_SCORE,T000247,APPROVE risk_score=0.0
2026-05-22T14:48:39.396173+00:00,RISK_SCORE,T000248,APPROVE risk_score=0.0
2026-05-22T14:48:39.396173+00:00,RISK_SCORE,T000249,APPROVE risk_score=0.0
2026-05-22T14:48:39.396173+00:00,RISK_SCORE,T000250,APPROVE risk_score=0.0
2026-05-22T14:48:39.396173+00:00,RISK_SCORE,T000251,APPROVE risk_score=0.0
2026-05-22T14:48:39.396173+00:00,RISK_SCORE,T000252,APPROVE risk_score=0.0
2026-05-22T14:48:39.396173+00:00,RISK_SCORE,T000253,APPROVE risk_score=0.0
2026-05-22T14:48:39.396173+00:00,RISK_SCORE,T000254,APPROVE risk_score=0.0
2026-05-22T14:48:39.396173+00:00,RISK_SCORE,T000255,APPROVE risk_score=0.0
2026-05-22T14:48:39.396173+00:00,RISK_SCORE,T000256,APPROVE risk_score=0.0
2026-05-22T14:48:39.396173+00:00,RISK_SCORE,T000257,APPROVE risk_score=0.0
2026-05-22T14:48:39.396173+00:00,RISK_SCORE,T000258,APPROVE risk_score=0.0
2026-05-22T14:48:39.396173+00:00,RISK_SCORE,T000259,APPROVE risk_score=0.0
2026-05-22T14:48:39.396173+00:00,RISK_SCORE,T000260,APPROVE risk_score=0.0
2026-05-22T14:48:39.396173+00:00,RISK_SCORE,T000261,REVIEW risk_score=58.98
2026-05-22T14:48:39.396173+00:00,RISK_SCORE,T000262,APPROVE risk_score=0.0
2026-05-22T14:48:39.396173+00:00,RISK_SCORE,T000263,APPROVE risk_score=0.0
2026-05-22T14:48:39.396173+00:00,RISK_SCORE,T000264,APPROVE risk_score=0.0
2026-05-22T14:48:39.396173+00:00,RISK_SCORE,T000265,APPROVE risk_score=0.0
2026-05-22T14:48:39.396173+00:00,RISK_SCORE,T000266,APPROVE risk_score=0.0
2026-05-22T14:48:39.396173+00:00,RISK_SCORE,T000267,APPROVE risk_score=0.0
2026-05-22T14:48:39.396173+00:00,RISK_SCORE,T000268,APPROVE risk_score=0.0
2026-05-22T14:48:39.396173+00:00,RISK_SCORE,T000269,APPROVE risk_score=0.0
2026-05-22T14:48:39.396173+00:00,RISK_SCORE,T000270,APPROVE risk_score=0.0
2026-05-22T14:48:39.396173+00:00,RISK_SCORE,T000271,APPROVE risk_score=0.0
2026-05-22T14:48:39.396173+00:00,RISK_SCORE,T000272,APPROVE risk_score=0.0
2026-05-22T14:48:39.396173+00:00,RISK_SCORE,T000273,APPROVE risk_score=0.0
2026-05-22T14:48:39.396173+00:00,RISK_SCORE,T000274,APPROVE risk_score=0.0
2026-05-22T14:48:39.396173+00:00,RISK_SCORE,T000275,APPROVE risk_score=0.0
2026-05-22T14:48:39.396173+00:00,RISK_SCORE,T000276,APPROVE risk_score=0.0
2026-05-22T14:48:39.396173+00:00,RISK_SCORE,T000277,APPROVE risk_score=0.0
2026-05-22T14:48:39.396173+00:00,RISK_SCORE,T000278,APPROVE risk_score=0.0
2026-05-22T14:48:39.396173+00:00,RISK_SCORE,T000279,APPROVE risk_score=0.0
2026-05-22T14:48:39.396173+00:00,RISK_SCORE,T000280,APPROVE risk_score=0.0
2026-05-22T14:48:39.396173+00:00,RISK_SCORE,T000281,APPROVE risk_score=0.0
2026-05-22T14:48:39.396173+00:00,RISK_SCORE,T000282,APPROVE risk_score=0.0
2026-05-22T14:48:39.396173+00:00,RISK_SCORE,T000283,APPROVE risk_score=0.0
2026-05-22T14:48:39.396173+00:00,RISK_SCORE,T000284,APPROVE risk_score=0.0
2026-05-22T14:48:39.396173+00:00,RISK_SCORE,T000285,APPROVE risk_score=0.0
2026-05-22T14:48:39.396173+00:00,RISK_SCORE,T000286,APPROVE risk_score=0.0
2026-05-22T14:48:39.396173+00:00,RISK_SCORE,T000287,APPROVE risk_score=0.0
2026-05-22T14:48:39.396173+00:00,RISK_SCORE,T000288,APPROVE risk_score=0.0
2026-05-22T14:48:39.396173+00:00,RISK_SCORE,T000289,APPROVE risk_score=0.0
2026-05-22T14:48:39.396173+00:00,RISK_SCORE,T000290,APPROVE risk_score=0.0
2026-05-22T14:48:39.396173+00:00,RISK_SCORE,T000291,APPROVE risk_score=0.0
2026-05-22T14:48:39.396173+00:00,RISK_SCORE,T000292,APPROVE risk_score=0.0
2026-05-22T14:48:39.396173+00:00,RISK_SCORE,T000293,APPROVE risk_score=0.0
2026-05-22T14:48:39.396173+00:00,RISK_SCORE,T000294,APPROVE risk_score=0.0
2026-05-22T14:48:39.396173+00:00,RISK_SCORE,T000295,APPROVE risk_score=0.0
2026-05-22T14:48:39.396173+00:00,RISK_SCORE,T000296,APPROVE risk_score=0.0
2026-05-22T14:48:39.396173+00:00,RISK_SCORE,T000297,APPROVE risk_score=0.0
2026-05-22T14:48:39.396173+00:00,RISK_SCORE,T000298,APPROVE risk_score=0.0
2026-05-22T14:48:39.396173+00:00,RISK_SCORE,T000299,APPROVE risk_score=0.0
2026-05-22T14:48:39.396173+00:00,RISK_SCORE,T000300,APPROVE risk_score=0.0
2026-05-22T14:48:39.396173+00:00,RISK_SCORE,T000301,APPROVE risk_score=0.0
2026-05-22T14:48:39.396173+00:00,RISK_SCORE,T000302,APPROVE risk_score=0.0
2026-05-22T14:48:39.396173+00:00,RISK_SCORE,T000303,APPROVE risk_score=0.0
2026-05-22T14:48:39.396173+00:00,RISK_SCORE,T000304,APPROVE risk_score=0.0
2026-05-22T14:48:39.396173+00:00,RISK_SCORE,T000305,APPROVE risk_score=0.0
2026-05-22T14:48:39.396173+00:00,RISK_SCORE,T000306,APPROVE risk_score=0.0
2026-05-22T14:48:39.396173+00:00,RISK_SCORE,T000307,APPROVE risk_score=0.0
2026-05-22T14:48:39.396173+00:00,RISK_SCORE,T000308,APPROVE risk_score=0.0
2026-05-22T14:48:39.396173+00:00,RISK_SCORE,T000309,APPROVE risk_score=0.0
2026-05-22T14:48:39.396173+00:00,RISK_SCORE,T000310,APPROVE risk_score=0.0
2026-05-22T14:48:39.396173+00:00,RISK_SCORE,T000311,APPROVE risk_score=0.0
2026-05-22T14:48:39.396173+00:00,RISK_SCORE,T000312,APPROVE risk_score=0.0
2026-05-22T14:48:39.396173+00:00,RISK_SCORE,T000313,APPROVE risk_score=0.0
2026-05-22T14:48:39.396173+00:00,RISK_SCORE,T000314,APPROVE risk_score=0.0
2026-05-22T14:48:39.396173+00:00,RISK_SCORE,T000315,APPROVE risk_score=0.0
2026-05-22T14:48:39.396173+00:00,RISK_SCORE,T000316,APPROVE risk_score=0.0
2026-05-22T14:48:39.396173+00:00,RISK_SCORE,T000317,APPROVE risk_score=0.0
2026-05-22T14:48:39.396173+00:00,RISK_SCORE,T000318,APPROVE risk_score=0.0
2026-05-22T14:48:39.396173+00:00,RISK_SCORE,T000319,APPROVE risk_score=0.0
2026-05-22T14:48:39.396173+00:00,RISK_SCORE,T000320,APPROVE risk_score=0.0
2026-05-22T14:48:39.396173+00:00,RISK_SCORE,T000321,APPROVE risk_score=0.0
2026-05-22T14:48:39.396173+00:00,RISK_SCORE,T000322,APPROVE risk_score=0.0
2026-05-22T14:48:39.396173+00:00,RISK_SCORE,T000323,APPROVE risk_score=0.0
2026-05-22T14:48:39.396173+00:00,RISK_SCORE,T000324,APPROVE risk_score=0.0
2026-05-22T14:48:39.396173+00:00,RISK_SCORE,T000325,APPROVE risk_score=0.0
2026-05-22T14:48:39.396173+00:00,RISK_SCORE,T000326,APPROVE risk_score=0.0
2026-05-22T14:48:39.396173+00:00,RISK_SCORE,T000327,APPROVE risk_score=0.0
2026-05-22T14:48:39.396173+00:00,RISK_SCORE,T000328,APPROVE risk_score=0.0
2026-05-22T14:48:39.396173+00:00,RISK_SCORE,T000329,APPROVE risk_score=0.0
2026-05-22T14:48:39.396173+00:00,RISK_SCORE,T000330,APPROVE risk_score=0.0
2026-05-22T14:48:39.396173+00:00,RISK_SCORE,T000331,APPROVE risk_score=0.0
2026-05-22T14:48:39.396173+00:00,RISK_SCORE,T000332,APPROVE risk_score=0.0
2026-05-22T14:48:39.396173+00:00,RISK_SCORE,T000333,APPROVE risk_score=0.0
2026-05-22T14:48:39.396173+00:00,RISK_SCORE,T000334,APPROVE risk_score=0.0
2026-05-22T14:48:39.396173+00:00,RISK_SCORE,T000335,APPROVE risk_score=0.0
2026-05-22T14:48:39.396173+00:00,RISK_SCORE,T000336,APPROVE risk_score=0.0
2026-05-22T14:48:39.396173+00:00,RISK_SCORE,T000337,APPROVE risk_score=0.0
2026-05-22T14:48:39.396173+00:00,RISK_SCORE,T000338,APPROVE risk_score=0.0
2026-05-22T14:48:39.396173+00:00,RISK_SCORE,T000339,APPROVE risk_score=0.0
2026-05-22T14:48:39.396173+00:00,RISK_SCORE,T000340,APPROVE risk_score=0.0
2026-05-22T14:48:39.396173+00:00,RISK_SCORE,T000341,APPROVE risk_score=0.0
2026-05-22T14:48:39.396173+00:00,RISK_SCORE,T000342,APPROVE risk_score=0.0
2026-05-22T14:48:39.396173+00:00,RISK_SCORE,T000343,APPROVE risk_score=0.0
2026-05-22T14:48:39.396173+00:00,RISK_SCORE,T000344,APPROVE risk_score=14.75
2026-05-22T14:48:39.396173+00:00,RISK_SCORE,T000345,APPROVE risk_score=0.0
2026-05-22T14:48:39.396173+00:00,RISK_SCORE,T000346,APPROVE risk_score=0.0
2026-05-22T14:48:39.396173+00:00,RISK_SCORE,T000347,APPROVE risk_score=0.0
2026-05-22T14:48:39.396173+00:00,RISK_SCORE,T000348,APPROVE risk_score=0.0
2026-05-22T14:48:39.396173+00:00,RISK_SCORE,T000349,APPROVE risk_score=0.0
2026-05-22T14:48:39.396173+00:00,RISK_SCORE,T000350,APPROVE risk_score=0.0
2026-05-22T14:48:39.396173+00:00,RISK_SCORE,T000351,APPROVE risk_score=0.0
2026-05-22T14:48:39.396173+00:00,RISK_SCORE,T000352,APPROVE risk_score=0.0
2026-05-22T14:48:39.396173+00:00,RISK_SCORE,T000353,APPROVE risk_score=0.0
2026-05-22T14:48:39.396173+00:00,RISK_SCORE,T000354,APPROVE risk_score=0.0
2026-05-22T14:48:39.396173+00:00,RISK_SCORE,T000355,APPROVE risk_score=18.66
2026-05-22T14:48:39.396173+00:00,RISK_SCORE,T000356,APPROVE risk_score=0.0
2026-05-22T14:48:39.396173+00:00,RISK_SCORE,T000357,APPROVE risk_score=0.0
2026-05-22T14:48:39.396173+00:00,RISK_SCORE,T000358,APPROVE risk_score=0.0
2026-05-22T14:48:39.396173+00:00,RISK_SCORE,T000359,APPROVE risk_score=0.0
2026-05-22T14:48:39.396173+00:00,RISK_SCORE,T000360,APPROVE risk_score=0.0
2026-05-22T14:48:39.396173+00:00,RISK_SCORE,T000361,APPROVE risk_score=0.0
2026-05-22T14:48:39.396173+00:00,RISK_SCORE,T000362,APPROVE risk_score=0.0
2026-05-22T14:48:39.396173+00:00,RISK_SCORE,T000363,APPROVE risk_score=0.0
2026-05-22T14:48:39.396173+00:00,RISK_SCORE,T000364,APPROVE risk_score=0.0
2026-05-22T14:48:39.396173+00:00,RISK_SCORE,T000365,APPROVE risk_score=0.0
2026-05-22T14:48:39.396173+00:00,RISK_SCORE,T000366,APPROVE risk_score=0.0
2026-05-22T14:48:39.396173+00:00,RISK_SCORE,T000367,APPROVE risk_score=0.0
2026-05-22T14:48:39.396173+00:00,RISK_SCORE,T000368,APPROVE risk_score=0.0
2026-05-22T14:48:39.396173+00:00,RISK_SCORE,T000369,APPROVE risk_score=0.0
2026-05-22T14:48:39.396173+00:00,RISK_SCORE,T000370,APPROVE risk_score=0.0
2026-05-22T14:48:39.396173+00:00,RISK_SCORE,T000371,APPROVE risk_score=0.0
2026-05-22T14:48:39.396173+00:00,RISK_SCORE,T000372,APPROVE risk_score=0.0
2026-05-22T14:48:39.396173+00:00,RISK_SCORE,T000373,APPROVE risk_score=0.0
2026-05-22T14:48:39.396173+00:00,RISK_SCORE,T000374,APPROVE risk_score=0.0
2026-05-22T14:48:39.396173+00:00,RISK_SCORE,T000375,APPROVE risk_score=0.0
2026-05-22T14:48:39.396173+00:00,RISK_SCORE,T000376,APPROVE risk_score=0.0
2026-05-22T14:48:39.396173+00:00,RISK_SCORE,T000377,APPROVE risk_score=0.0
2026-05-22T14:48:39.396173+00:00,RISK_SCORE,T000378,APPROVE risk_score=0.0
2026-05-22T14:48:39.396173+00:00,RISK_SCORE,T000379,APPROVE risk_score=0.0
2026-05-22T14:48:39.396173+00:00,RISK_SCORE,T000380,APPROVE risk_score=0.0
2026-05-22T14:48:39.396173+00:00,RISK_SCORE,T000381,APPROVE risk_score=0.0
2026-05-22T14:48:39.396173+00:00,RISK_SCORE,T000382,APPROVE risk_score=0.0
2026-05-22T14:48:39.396173+00:00,RISK_SCORE,T000383,APPROVE risk_score=0.0
2026-05-22T14:48:39.396173+00:00,RISK_SCORE,T000384,APPROVE risk_score=0.0
2026-05-22T14:48:39.396173+00:00,RISK_SCORE,T000385,APPROVE risk_score=0.0
2026-05-22T14:48:39.396173+00:00,RISK_SCORE,T000386,APPROVE risk_score=0.0
2026-05-22T14:48:39.396173+00:00,RISK_SCORE,T000387,APPROVE risk_score=0.0
2026-05-22T14:48:39.396173+00:00,RISK_SCORE,T000388,APPROVE risk_score=0.0
2026-05-22T14:48:39.396173+00:00,RISK_SCORE,T000389,APPROVE risk_score=0.0
2026-05-22T14:48:39.396173+00:00,RISK_SCORE,T000390,APPROVE risk_score=0.0
2026-05-22T14:48:39.396173+00:00,RISK_SCORE,T000391,APPROVE risk_score=0.0
2026-05-22T14:48:39.396173+00:00,RISK_SCORE,T000392,APPROVE risk_score=0.0
2026-05-22T14:48:39.396173+00:00,RISK_SCORE,T000393,APPROVE risk_score=0.0
2026-05-22T14:48:39.396173+00:00,RISK_SCORE,T000394,APPROVE risk_score=0.0
2026-05-22T14:48:39.396173+00:00,RISK_SCORE,T000395,APPROVE risk_score=0.0
2026-05-22T14:48:39.396173+00:00,RISK_SCORE,T000396,APPROVE risk_score=0.0
2026-05-22T14:48:39.396173+00:00,RISK_SCORE,T000397,APPROVE risk_score=0.0
2026-05-22T14:48:39.396173+00:00,RISK_SCORE,T000398,APPROVE risk_score=0.0
2026-05-22T14:48:39.396173+00:00,RISK_SCORE,T000399,APPROVE risk_score=0.0
2026-05-22T14:48:39.396173+00:00,RISK_SCORE,T000400,APPROVE risk_score=0.0
2026-05-22T14:48:39.396173+00:00,RISK_SCORE,T000401,APPROVE risk_score=0.0
2026-05-22T14:48:39.396173+00:00,RISK_SCORE,T000402,APPROVE risk_score=0.0
2026-05-22T14:48:39.396173+00:00,RISK_SCORE,T000403,APPROVE risk_score=0.0
2026-05-22T14:48:39.396173+00:00,RISK_SCORE,T000404,APPROVE risk_score=0.0
2026-05-22T14:48:39.396173+00:00,RISK_SCORE,T000405,APPROVE risk_score=0.0
2026-05-22T14:48:39.396173+00:00,RISK_SCORE,T000406,APPROVE risk_score=0.0
2026-05-22T14:48:39.396173+00:00,RISK_SCORE,T000407,APPROVE risk_score=0.0
2026-05-22T14:48:39.396173+00:00,RISK_SCORE,T000408,APPROVE risk_score=14.16
2026-05-22T14:48:39.396173+00:00,RISK_SCORE,T000409,APPROVE risk_score=0.0
2026-05-22T14:48:39.396173+00:00,RISK_SCORE,T000410,APPROVE risk_score=0.0
2026-05-22T14:48:39.396173+00:00,RISK_SCORE,T000411,APPROVE risk_score=0.0
2026-05-22T14:48:39.396173+00:00,RISK_SCORE,T000412,APPROVE risk_score=0.0
2026-05-22T14:48:39.396173+00:00,RISK_SCORE,T000413,APPROVE risk_score=0.0
2026-05-22T14:48:39.396173+00:00,RISK_SCORE,T000414,APPROVE risk_score=0.0
2026-05-22T14:48:39.396173+00:00,RISK_SCORE,T000415,APPROVE risk_score=0.0
2026-05-22T14:48:39.396173+00:00,RISK_SCORE,T000416,APPROVE risk_score=0.0
2026-05-22T14:48:39.396173+00:00,RISK_SCORE,T000417,APPROVE risk_score=0.0
2026-05-22T14:48:39.396173+00:00,RISK_SCORE,T000418,APPROVE risk_score=0.0
2026-05-22T14:48:39.396173+00:00,RISK_SCORE,T000419,APPROVE risk_score=0.0
2026-05-22T14:48:39.396173+00:00,RISK_SCORE,T000420,APPROVE risk_score=0.0
2026-05-22T14:48:39.396173+00:00,RISK_SCORE,T000421,APPROVE risk_score=0.0
2026-05-22T14:48:39.396173+00:00,RISK_SCORE,T000422,APPROVE risk_score=0.0
2026-05-22T14:48:39.396173+00:00,RISK_SCORE,T000423,APPROVE risk_score=0.0
2026-05-22T14:48:39.396173+00:00,RISK_SCORE,T000424,APPROVE risk_score=0.0
2026-05-22T14:48:39.396173+00:00,RISK_SCORE,T000425,APPROVE risk_score=0.0
2026-05-22T14:48:39.396173+00:00,RISK_SCORE,T000426,APPROVE risk_score=0.0
2026-05-22T14:48:39.396173+00:00,RISK_SCORE,T000427,APPROVE risk_score=0.0
2026-05-22T14:48:39.396173+00:00,RISK_SCORE,T000428,APPROVE risk_score=0.0
2026-05-22T14:48:39.396173+00:00,RISK_SCORE,T000429,APPROVE risk_score=0.0
2026-05-22T14:48:39.396173+00:00,RISK_SCORE,T000430,APPROVE risk_score=0.0
2026-05-22T14:48:39.396173+00:00,RISK_SCORE,T000431,APPROVE risk_score=0.0
2026-05-22T14:48:39.396173+00:00,RISK_SCORE,T000432,APPROVE risk_score=0.0
2026-05-22T14:48:39.396173+00:00,RISK_SCORE,T000433,APPROVE risk_score=0.0
2026-05-22T14:48:39.396173+00:00,RISK_SCORE,T000434,APPROVE risk_score=0.0
2026-05-22T14:48:39.396173+00:00,RISK_SCORE,T000435,APPROVE risk_score=0.0
2026-05-22T14:48:39.396173+00:00,RISK_SCORE,T000436,APPROVE risk_score=0.0
2026-05-22T14:48:39.396173+00:00,RISK_SCORE,T000437,APPROVE risk_score=0.0
2026-05-22T14:48:39.396173+00:00,RISK_SCORE,T000438,APPROVE risk_score=0.0
2026-05-22T14:48:39.396173+00:00,RISK_SCORE,T000439,APPROVE risk_score=0.0
2026-05-22T14:48:39.396173+00:00,RISK_SCORE,T000440,APPROVE risk_score=0.0
2026-05-22T14:48:39.396173+00:00,RISK_SCORE,T000441,APPROVE risk_score=0.0
2026-05-22T14:48:39.396173+00:00,RISK_SCORE,T000442,APPROVE risk_score=0.0
2026-05-22T14:48:39.396173+00:00,RISK_SCORE,T000443,APPROVE risk_score=0.0
2026-05-22T14:48:39.396173+00:00,RISK_SCORE,T000444,APPROVE risk_score=0.0
2026-05-22T14:48:39.396173+00:00,RISK_SCORE,T000445,APPROVE risk_score=0.0
2026-05-22T14:48:39.396173+00:00,RISK_SCORE,T000446,APPROVE risk_score=0.0
2026-05-22T14:48:39.396173+00:00,RISK_SCORE,T000447,APPROVE risk_score=0.0
2026-05-22T14:48:39.396173+00:00,RISK_SCORE,T000448,APPROVE risk_score=0.0
2026-05-22T14:48:39.396173+00:00,RISK_SCORE,T000449,APPROVE risk_score=0.0
2026-05-22T14:48:39.396173+00:00,RISK_SCORE,T000450,APPROVE risk_score=0.0
2026-05-22T14:48:39.396173+00:00,RISK_SCORE,T000451,APPROVE risk_score=0.0
2026-05-22T14:48:39.396173+00:00,RISK_SCORE,T000452,APPROVE risk_score=0.0
2026-05-22T14:48:39.396173+00:00,RISK_SCORE,T000453,APPROVE risk_score=0.0
2026-05-22T14:48:39.396173+00:00,RISK_SCORE,T000454,APPROVE risk_score=0.0
2026-05-22T14:48:39.396173+00:00,RISK_SCORE,T000455,APPROVE risk_score=0.0
2026-05-22T14:48:39.396173+00:00,RISK_SCORE,T000456,APPROVE risk_score=0.0
2026-05-22T14:48:39.396173+00:00,RISK_SCORE,T000457,APPROVE risk_score=0.0
2026-05-22T14:48:39.396173+00:00,RISK_SCORE,T000458,APPROVE risk_score=0.0
2026-05-22T14:48:39.396173+00:00,RISK_SCORE,T000459,APPROVE risk_score=0.0
2026-05-22T14:48:39.396173+00:00,RISK_SCORE,T000460,APPROVE risk_score=0.0
2026-05-22T14:48:39.396173+00:00,RISK_SCORE,T000461,APPROVE risk_score=0.0
2026-05-22T14:48:39.396173+00:00,RISK_SCORE,T000462,APPROVE risk_score=0.0
2026-05-22T14:48:39.396173+00:00,RISK_SCORE,T000463,APPROVE risk_score=17.28
2026-05-22T14:48:39.396173+00:00,RISK_SCORE,T000464,APPROVE risk_score=0.0
2026-05-22T14:48:39.396173+00:00,RISK_SCORE,T000465,APPROVE risk_score=0.0
2026-05-22T14:48:39.396173+00:00,RISK_SCORE,T000466,APPROVE risk_score=0.0
2026-05-22T14:48:39.396173+00:00,RISK_SCORE,T000467,APPROVE risk_score=0.0
2026-05-22T14:48:39.396173+00:00,RISK_SCORE,T000468,APPROVE risk_score=0.0
2026-05-22T14:48:39.396173+00:00,RISK_SCORE,T000469,APPROVE risk_score=0.0
2026-05-22T14:48:39.396173+00:00,RISK_SCORE,T000470,APPROVE risk_score=0.0
2026-05-22T14:48:39.396173+00:00,RISK_SCORE,T000471,APPROVE risk_score=0.0
2026-05-22T14:48:39.396173+00:00,RISK_SCORE,T000472,APPROVE risk_score=0.0
2026-05-22T14:48:39.396173+00:00,RISK_SCORE,T000473,APPROVE risk_score=0.0
2026-05-22T14:48:39.396173+00:00,RISK_SCORE,T000474,APPROVE risk_score=0.0
2026-05-22T14:48:39.396173+00:00,RISK_SCORE,T000475,APPROVE risk_score=0.0
2026-05-22T14:48:39.396173+00:00,RISK_SCORE,T000476,APPROVE risk_score=18.13
2026-05-22T14:48:39.396173+00:00,RISK_SCORE,T000477,APPROVE risk_score=0.0
2026-05-22T14:48:39.396173+00:00,RISK_SCORE,T000478,APPROVE risk_score=0.0
2026-05-22T14:48:39.396173+00:00,RISK_SCORE,T000479,APPROVE risk_score=0.0
2026-05-22T14:48:39.396173+00:00,RISK_SCORE,T000480,APPROVE risk_score=0.0
2026-05-22T14:48:39.396173+00:00,RISK_SCORE,T000481,APPROVE risk_score=0.0
2026-05-22T14:48:39.396173+00:00,RISK_SCORE,T000482,APPROVE risk_score=0.0
2026-05-22T14:48:39.396173+00:00,RISK_SCORE,T000483,APPROVE risk_score=0.0
2026-05-22T14:48:39.396173+00:00,RISK_SCORE,T000484,APPROVE risk_score=0.0
2026-05-22T14:48:39.396173+00:00,RISK_SCORE,T000485,APPROVE risk_score=17.48
2026-05-22T14:48:39.396173+00:00,RISK_SCORE,T000486,APPROVE risk_score=0.0
2026-05-22T14:48:39.396173+00:00,RISK_SCORE,T000487,APPROVE risk_score=0.0
2026-05-22T14:48:39.396173+00:00,RISK_SCORE,T000488,APPROVE risk_score=0.0
2026-05-22T14:48:39.396173+00:00,RISK_SCORE,T000489,APPROVE risk_score=0.0
2026-05-22T14:48:39.396173+00:00,RISK_SCORE,T000490,APPROVE risk_score=0.0
2026-05-22T14:48:39.396173+00:00,RISK_SCORE,T000491,APPROVE risk_score=0.0
2026-05-22T14:48:39.396173+00:00,RISK_SCORE,T000492,APPROVE risk_score=0.0
2026-05-22T14:48:39.396173+00:00,RISK_SCORE,T000493,APPROVE risk_score=0.0
2026-05-22T14:48:39.396173+00:00,RISK_SCORE,T000494,APPROVE risk_score=0.0
2026-05-22T14:48:39.396173+00:00,RISK_SCORE,T000495,APPROVE risk_score=0.0
2026-05-22T14:48:39.396173+00:00,RISK_SCORE,T000496,APPROVE risk_score=0.0
2026-05-22T14:48:39.396173+00:00,RISK_SCORE,T000497,APPROVE risk_score=0.0
2026-05-22T14:48:39.396173+00:00,RISK_SCORE,T000498,APPROVE risk_score=0.0
2026-05-22T14:48:39.396173+00:00,RISK_SCORE,T000499,APPROVE risk_score=0.0
2026-05-22T14:48:39.396173+00:00,RISK_SCORE,T000500,APPROVE risk_score=0.0
2026-05-22T14:48:39.396173+00:00,RISK_SCORE,T000501,APPROVE risk_score=0.0
2026-05-22T14:48:39.396173+00:00,RISK_SCORE,T000502,APPROVE risk_score=0.0
2026-05-22T14:48:39.396173+00:00,RISK_SCORE,T000503,APPROVE risk_score=0.0
2026-05-22T14:48:39.396173+00:00,RISK_SCORE,T000504,APPROVE risk_score=0.0
2026-05-22T14:48:39.396173+00:00,RISK_SCORE,T000505,APPROVE risk_score=0.0
2026-05-22T14:48:39.396173+00:00,RISK_SCORE,T000506,APPROVE risk_score=0.0
2026-05-22T14:48:39.396173+00:00,RISK_SCORE,T000507,APPROVE risk_score=0.0
2026-05-22T14:48:39.396173+00:00,RISK_SCORE,T000508,APPROVE risk_score=0.0
2026-05-22T14:48:39.396173+00:00,RISK_SCORE,T000509,APPROVE risk_score=0.0
2026-05-22T14:48:39.396173+00:00,RISK_SCORE,T000510,APPROVE risk_score=0.0
2026-05-22T14:48:39.396173+00:00,RISK_SCORE,T000511,APPROVE risk_score=0.0
2026-05-22T14:48:39.396173+00:00,RISK_SCORE,T000512,APPROVE risk_score=0.0
2026-05-22T14:48:39.396173+00:00,RISK_SCORE,T000513,APPROVE risk_score=0.0
2026-05-22T14:48:39.396173+00:00,RISK_SCORE,T000514,APPROVE risk_score=0.0
2026-05-22T14:48:39.396173+00:00,RISK_SCORE,T000515,APPROVE risk_score=0.0
2026-05-22T14:48:39.396173+00:00,RISK_SCORE,T000516,APPROVE risk_score=0.0
2026-05-22T14:48:39.396173+00:00,RISK_SCORE,T000517,APPROVE risk_score=0.0
2026-05-22T14:48:39.396173+00:00,RISK_SCORE,T000518,APPROVE risk_score=0.0
2026-05-22T14:48:39.396173+00:00,RISK_SCORE,T000519,APPROVE risk_score=0.0
2026-05-22T14:48:39.396173+00:00,RISK_SCORE,T000520,APPROVE risk_score=0.0
2026-05-22T14:48:39.396173+00:00,RISK_SCORE,T000521,APPROVE risk_score=0.0
2026-05-22T14:48:39.396173+00:00,RISK_SCORE,T000522,APPROVE risk_score=0.0
2026-05-22T14:48:39.396173+00:00,RISK_SCORE,T000523,APPROVE risk_score=0.0
2026-05-22T14:48:39.396173+00:00,RISK_SCORE,T000524,APPROVE risk_score=0.0
2026-05-22T14:48:39.396173+00:00,RISK_SCORE,T000525,APPROVE risk_score=0.0
2026-05-22T14:48:39.396173+00:00,RISK_SCORE,T000526,APPROVE risk_score=0.0
2026-05-22T14:48:39.396173+00:00,RISK_SCORE,T000527,APPROVE risk_score=16.71
2026-05-22T14:48:39.396173+00:00,RISK_SCORE,T000528,REVIEW risk_score=58.6
2026-05-22T14:48:39.396173+00:00,RISK_SCORE,T000529,APPROVE risk_score=0.0
2026-05-22T14:48:39.396173+00:00,RISK_SCORE,T000530,APPROVE risk_score=0.0
2026-05-22T14:48:39.396173+00:00,RISK_SCORE,T000531,APPROVE risk_score=0.0
2026-05-22T14:48:39.396173+00:00,RISK_SCORE,T000532,APPROVE risk_score=0.0
2026-05-22T14:48:39.396173+00:00,RISK_SCORE,T000533,APPROVE risk_score=0.0
2026-05-22T14:48:39.396173+00:00,RISK_SCORE,T000534,APPROVE risk_score=0.0
2026-05-22T14:48:39.396173+00:00,RISK_SCORE,T000535,APPROVE risk_score=0.0
2026-05-22T14:48:39.396173+00:00,RISK_SCORE,T000536,APPROVE risk_score=0.0
2026-05-22T14:48:39.396173+00:00,RISK_SCORE,T000537,APPROVE risk_score=0.0
2026-05-22T14:48:39.396173+00:00,RISK_SCORE,T000538,APPROVE risk_score=0.0
2026-05-22T14:48:39.396173+00:00,RISK_SCORE,T000539,APPROVE risk_score=0.0
2026-05-22T14:48:39.396173+00:00,RISK_SCORE,T000540,APPROVE risk_score=0.0
2026-05-22T14:48:39.396173+00:00,RISK_SCORE,T000541,APPROVE risk_score=0.0
2026-05-22T14:48:39.396173+00:00,RISK_SCORE,T000542,APPROVE risk_score=0.0
2026-05-22T14:48:39.396173+00:00,RISK_SCORE,T000543,APPROVE risk_score=0.0
2026-05-22T14:48:39.396173+00:00,RISK_SCORE,T000544,APPROVE risk_score=0.0
2026-05-22T14:48:39.396173+00:00,RISK_SCORE,T000545,APPROVE risk_score=0.0
2026-05-22T14:48:39.396173+00:00,RISK_SCORE,T000546,APPROVE risk_score=0.0
2026-05-22T14:48:39.396173+00:00,RISK_SCORE,T000547,APPROVE risk_score=0.0
2026-05-22T14:48:39.396173+00:00,RISK_SCORE,T000548,APPROVE risk_score=0.0
2026-05-22T14:48:39.396173+00:00,RISK_SCORE,T000549,APPROVE risk_score=0.0
2026-05-22T14:48:39.396173+00:00,RISK_SCORE,T000550,APPROVE risk_score=0.0
2026-05-22T14:48:39.396173+00:00,RISK_SCORE,T000551,APPROVE risk_score=0.0
2026-05-22T14:48:39.396173+00:00,RISK_SCORE,T000552,APPROVE risk_score=0.0
2026-05-22T14:48:39.396173+00:00,RISK_SCORE,T000553,APPROVE risk_score=0.0
2026-05-22T14:48:39.396173+00:00,RISK_SCORE,T000554,APPROVE risk_score=0.0
2026-05-22T14:48:39.396173+00:00,RISK_SCORE,T000555,APPROVE risk_score=0.0
2026-05-22T14:48:39.396173+00:00,RISK_SCORE,T000556,APPROVE risk_score=0.0
2026-05-22T14:48:39.396173+00:00,RISK_SCORE,T000557,APPROVE risk_score=0.0
2026-05-22T14:48:39.396173+00:00,RISK_SCORE,T000558,APPROVE risk_score=0.0
2026-05-22T14:48:39.396173+00:00,RISK_SCORE,T000559,APPROVE risk_score=0.0
2026-05-22T14:48:39.396173+00:00,RISK_SCORE,T000560,APPROVE risk_score=0.0
2026-05-22T14:48:39.396173+00:00,RISK_SCORE,T000561,APPROVE risk_score=0.0
2026-05-22T14:48:39.396173+00:00,RISK_SCORE,T000562,APPROVE risk_score=0.0
2026-05-22T14:48:39.396173+00:00,RISK_SCORE,T000563,APPROVE risk_score=0.0
2026-05-22T14:48:39.396173+00:00,RISK_SCORE,T000564,APPROVE risk_score=0.0
2026-05-22T14:48:39.396173+00:00,RISK_SCORE,T000565,APPROVE risk_score=0.0
2026-05-22T14:48:39.396173+00:00,RISK_SCORE,T000566,APPROVE risk_score=0.0
2026-05-22T14:48:39.396173+00:00,RISK_SCORE,T000567,APPROVE risk_score=0.0
2026-05-22T14:48:39.396173+00:00,RISK_SCORE,T000568,APPROVE risk_score=0.0
2026-05-22T14:48:39.396173+00:00,RISK_SCORE,T000569,APPROVE risk_score=0.0
2026-05-22T14:48:39.396173+00:00,RISK_SCORE,T000570,APPROVE risk_score=0.0
2026-05-22T14:48:39.396173+00:00,RISK_SCORE,T000571,APPROVE risk_score=0.0
2026-05-22T14:48:39.396173+00:00,RISK_SCORE,T000572,APPROVE risk_score=0.0
2026-05-22T14:48:39.396173+00:00,RISK_SCORE,T000573,APPROVE risk_score=0.0
2026-05-22T14:48:39.396173+00:00,RISK_SCORE,T000574,APPROVE risk_score=0.0
2026-05-22T14:48:39.396173+00:00,RISK_SCORE,T000575,APPROVE risk_score=0.0
2026-05-22T14:48:39.396173+00:00,RISK_SCORE,T000576,APPROVE risk_score=0.0
2026-05-22T14:48:39.396173+00:00,RISK_SCORE,T000577,APPROVE risk_score=0.0
2026-05-22T14:48:39.396173+00:00,RISK_SCORE,T000578,APPROVE risk_score=0.0
2026-05-22T14:48:39.396173+00:00,RISK_SCORE,T000579,APPROVE risk_score=0.0
2026-05-22T14:48:39.396173+00:00,RISK_SCORE,T000580,APPROVE risk_score=0.0
2026-05-22T14:48:39.396173+00:00,RISK_SCORE,T000581,APPROVE risk_score=0.0
2026-05-22T14:48:39.396173+00:00,RISK_SCORE,T000582,APPROVE risk_score=0.0
2026-05-22T14:48:39.396173+00:00,RISK_SCORE,T000583,APPROVE risk_score=0.0
2026-05-22T14:48:39.396173+00:00,RISK_SCORE,T000584,APPROVE risk_score=0.0
2026-05-22T14:48:39.396173+00:00,RISK_SCORE,T000585,APPROVE risk_score=0.0
2026-05-22T14:48:39.396173+00:00,RISK_SCORE,T000586,APPROVE risk_score=0.0
2026-05-22T14:48:39.396173+00:00,RISK_SCORE,T000587,APPROVE risk_score=0.0
2026-05-22T14:48:39.396173+00:00,RISK_SCORE,T000588,APPROVE risk_score=0.0
2026-05-22T14:48:39.396173+00:00,RISK_SCORE,T000589,APPROVE risk_score=0.0
2026-05-22T14:48:39.396173+00:00,RISK_SCORE,T000590,REVIEW risk_score=61.06
2026-05-22T14:48:39.396173+00:00,RISK_SCORE,T000591,APPROVE risk_score=0.0
2026-05-22T14:48:39.396173+00:00,RISK_SCORE,T000592,APPROVE risk_score=0.0
2026-05-22T14:48:39.396173+00:00,RISK_SCORE,T000593,APPROVE risk_score=0.0
2026-05-22T14:48:39.396173+00:00,RISK_SCORE,T000594,APPROVE risk_score=0.0
2026-05-22T14:48:39.396173+00:00,RISK_SCORE,T000595,APPROVE risk_score=0.0
2026-05-22T14:48:39.396173+00:00,RISK_SCORE,T000596,APPROVE risk_score=23.39
2026-05-22T14:48:39.396173+00:00,RISK_SCORE,T000597,APPROVE risk_score=0.0
2026-05-22T14:48:39.396173+00:00,RISK_SCORE,T000598,APPROVE risk_score=0.0
2026-05-22T14:48:39.396173+00:00,RISK_SCORE,T000599,APPROVE risk_score=0.0
2026-05-22T14:48:39.396173+00:00,RISK_SCORE,T000600,APPROVE risk_score=0.0
2026-05-22T14:48:39.396173+00:00,RISK_SCORE,T000601,APPROVE risk_score=0.0
2026-05-22T14:48:39.396173+00:00,RISK_SCORE,T000602,APPROVE risk_score=0.0
2026-05-22T14:48:39.396173+00:00,RISK_SCORE,T000603,APPROVE risk_score=0.0
2026-05-22T14:48:39.396173+00:00,RISK_SCORE,T000604,APPROVE risk_score=0.0
2026-05-22T14:48:39.396173+00:00,RISK_SCORE,T000605,APPROVE risk_score=0.0
2026-05-22T14:48:39.396173+00:00,RISK_SCORE,T000606,APPROVE risk_score=0.0
2026-05-22T14:48:39.396173+00:00,RISK_SCORE,T000607,APPROVE risk_score=0.0
2026-05-22T14:48:39.396173+00:00,RISK_SCORE,T000608,APPROVE risk_score=0.0
2026-05-22T14:48:39.396173+00:00,RISK_SCORE,T000609,APPROVE risk_score=0.0
2026-05-22T14:48:39.396173+00:00,RISK_SCORE,T000610,APPROVE risk_score=0.0
2026-05-22T14:48:39.396173+00:00,RISK_SCORE,T000611,APPROVE risk_score=0.0
2026-05-22T14:48:39.396173+00:00,RISK_SCORE,T000612,APPROVE risk_score=0.0
2026-05-22T14:48:39.396173+00:00,RISK_SCORE,T000613,APPROVE risk_score=0.0
2026-05-22T14:48:39.396173+00:00,RISK_SCORE,T000614,APPROVE risk_score=0.0
2026-05-22T14:48:39.396173+00:00,RISK_SCORE,T000615,APPROVE risk_score=0.0
2026-05-22T14:48:39.396173+00:00,RISK_SCORE,T000616,APPROVE risk_score=0.0
2026-05-22T14:48:39.396173+00:00,RISK_SCORE,T000617,APPROVE risk_score=0.0
2026-05-22T14:48:39.396173+00:00,RISK_SCORE,T000618,APPROVE risk_score=0.0
2026-05-22T14:48:39.396173+00:00,RISK_SCORE,T000619,APPROVE risk_score=0.0
2026-05-22T14:48:39.396173+00:00,RISK_SCORE,T000620,APPROVE risk_score=0.0
2026-05-22T14:48:39.396173+00:00,RISK_SCORE,T000621,APPROVE risk_score=0.0
2026-05-22T14:48:39.396173+00:00,RISK_SCORE,T000622,APPROVE risk_score=0.0
2026-05-22T14:48:39.396173+00:00,RISK_SCORE,T000623,APPROVE risk_score=0.0
2026-05-22T14:48:39.396173+00:00,RISK_SCORE,T000624,APPROVE risk_score=0.0
2026-05-22T14:48:39.396173+00:00,RISK_SCORE,T000625,APPROVE risk_score=0.0
2026-05-22T14:48:39.396173+00:00,RISK_SCORE,T000626,APPROVE risk_score=0.0
2026-05-22T14:48:39.396173+00:00,RISK_SCORE,T000627,APPROVE risk_score=0.0
2026-05-22T14:48:39.396173+00:00,RISK_SCORE,T000628,APPROVE risk_score=0.0
2026-05-22T14:48:39.396173+00:00,RISK_SCORE,T000629,APPROVE risk_score=0.0
2026-05-22T14:48:39.396173+00:00,RISK_SCORE,T000630,APPROVE risk_score=0.0
2026-05-22T14:48:39.396173+00:00,RISK_SCORE,T000631,APPROVE risk_score=0.0
2026-05-22T14:48:39.396173+00:00,RISK_SCORE,T000632,APPROVE risk_score=0.0
2026-05-22T14:48:39.396173+00:00,RISK_SCORE,T000633,APPROVE risk_score=0.0
2026-05-22T14:48:39.396173+00:00,RISK_SCORE,T000634,APPROVE risk_score=0.0
2026-05-22T14:48:39.396173+00:00,RISK_SCORE,T000635,APPROVE risk_score=0.0
2026-05-22T14:48:39.396173+00:00,RISK_SCORE,T000636,APPROVE risk_score=0.0
2026-05-22T14:48:39.396173+00:00,RISK_SCORE,T000637,APPROVE risk_score=0.0
2026-05-22T14:48:39.396173+00:00,RISK_SCORE,T000638,APPROVE risk_score=0.0
2026-05-22T14:48:39.396173+00:00,RISK_SCORE,T000639,APPROVE risk_score=0.0
2026-05-22T14:48:39.396173+00:00,RISK_SCORE,T000640,APPROVE risk_score=0.0
2026-05-22T14:48:39.396173+00:00,RISK_SCORE,T000641,APPROVE risk_score=0.0
2026-05-22T14:48:39.396173+00:00,RISK_SCORE,T000642,APPROVE risk_score=0.0
2026-05-22T14:48:39.396173+00:00,RISK_SCORE,T000643,APPROVE risk_score=0.0
2026-05-22T14:48:39.396173+00:00,RISK_SCORE,T000644,APPROVE risk_score=0.0
2026-05-22T14:48:39.396173+00:00,RISK_SCORE,T000645,APPROVE risk_score=0.0
2026-05-22T14:48:39.396173+00:00,RISK_SCORE,T000646,APPROVE risk_score=0.0
2026-05-22T14:48:39.396173+00:00,RISK_SCORE,T000647,APPROVE risk_score=0.0
2026-05-22T14:48:39.396173+00:00,RISK_SCORE,T000648,APPROVE risk_score=0.0
2026-05-22T14:48:39.396173+00:00,RISK_SCORE,T000649,APPROVE risk_score=0.0
2026-05-22T14:48:39.396173+00:00,RISK_SCORE,T000650,APPROVE risk_score=0.0
2026-05-22T14:48:39.396173+00:00,RISK_SCORE,T000651,APPROVE risk_score=0.0
2026-05-22T14:48:39.396173+00:00,RISK_SCORE,T000652,APPROVE risk_score=0.0
2026-05-22T14:48:39.396173+00:00,RISK_SCORE,T000653,APPROVE risk_score=0.0
2026-05-22T14:48:39.396173+00:00,RISK_SCORE,T000654,APPROVE risk_score=0.0
2026-05-22T14:48:39.396173+00:00,RISK_SCORE,T000655,APPROVE risk_score=0.0
2026-05-22T14:48:39.396173+00:00,RISK_SCORE,T000656,APPROVE risk_score=0.0
2026-05-22T14:48:39.396173+00:00,RISK_SCORE,T000657,APPROVE risk_score=0.0
2026-05-22T14:48:39.396173+00:00,RISK_SCORE,T000658,APPROVE risk_score=0.0
2026-05-22T14:48:39.396173+00:00,RISK_SCORE,T000659,APPROVE risk_score=0.0
2026-05-22T14:48:39.396173+00:00,RISK_SCORE,T000660,APPROVE risk_score=0.0
2026-05-22T14:48:39.396173+00:00,RISK_SCORE,T000661,APPROVE risk_score=0.0
2026-05-22T14:48:39.396173+00:00,RISK_SCORE,T000662,APPROVE risk_score=0.0
2026-05-22T14:48:39.396173+00:00,RISK_SCORE,T000663,APPROVE risk_score=0.0
2026-05-22T14:48:39.396173+00:00,RISK_SCORE,T000664,APPROVE risk_score=0.0
2026-05-22T14:48:39.396173+00:00,RISK_SCORE,T000665,APPROVE risk_score=0.0
2026-05-22T14:48:39.396173+00:00,RISK_SCORE,T000666,APPROVE risk_score=0.0
2026-05-22T14:48:39.396173+00:00,RISK_SCORE,T000667,APPROVE risk_score=0.0
2026-05-22T14:48:39.396173+00:00,RISK_SCORE,T000668,APPROVE risk_score=0.0
2026-05-22T14:48:39.396173+00:00,RISK_SCORE,T000669,APPROVE risk_score=0.0
2026-05-22T14:48:39.396173+00:00,RISK_SCORE,T000670,APPROVE risk_score=0.0
2026-05-22T14:48:39.396173+00:00,RISK_SCORE,T000671,APPROVE risk_score=0.0
2026-05-22T14:48:39.396173+00:00,RISK_SCORE,T000672,APPROVE risk_score=0.0
2026-05-22T14:48:39.396173+00:00,RISK_SCORE,T000673,APPROVE risk_score=0.0
2026-05-22T14:48:39.396173+00:00,RISK_SCORE,T000674,APPROVE risk_score=0.0
2026-05-22T14:48:39.396173+00:00,RISK_SCORE,T000675,APPROVE risk_score=0.0
2026-05-22T14:48:39.396173+00:00,RISK_SCORE,T000676,APPROVE risk_score=0.0
2026-05-22T14:48:39.396173+00:00,RISK_SCORE,T000677,APPROVE risk_score=0.0
2026-05-22T14:48:39.396173+00:00,RISK_SCORE,T000678,APPROVE risk_score=0.0
2026-05-22T14:48:39.396173+00:00,RISK_SCORE,T000679,APPROVE risk_score=0.0
2026-05-22T14:48:39.396173+00:00,RISK_SCORE,T000680,APPROVE risk_score=0.0
2026-05-22T14:48:39.396173+00:00,RISK_SCORE,T000681,APPROVE risk_score=0.0
2026-05-22T14:48:39.396173+00:00,RISK_SCORE,T000682,APPROVE risk_score=0.0
2026-05-22T14:48:39.396173+00:00,RISK_SCORE,T000683,APPROVE risk_score=0.0
2026-05-22T14:48:39.396173+00:00,RISK_SCORE,T000684,APPROVE risk_score=0.0
2026-05-22T14:48:39.396173+00:00,RISK_SCORE,T000685,APPROVE risk_score=0.0
2026-05-22T14:48:39.396173+00:00,RISK_SCORE,T000686,APPROVE risk_score=0.0
2026-05-22T14:48:39.396173+00:00,RISK_SCORE,T000687,APPROVE risk_score=0.0
2026-05-22T14:48:39.396173+00:00,RISK_SCORE,T000688,APPROVE risk_score=0.0
2026-05-22T14:48:39.396173+00:00,RISK_SCORE,T000689,APPROVE risk_score=0.0
2026-05-22T14:48:39.396173+00:00,RISK_SCORE,T000690,APPROVE risk_score=0.0
2026-05-22T14:48:39.396173+00:00,RISK_SCORE,T000691,APPROVE risk_score=0.0
2026-05-22T14:48:39.396173+00:00,RISK_SCORE,T000692,APPROVE risk_score=0.0
2026-05-22T14:48:39.396173+00:00,RISK_SCORE,T000693,APPROVE risk_score=0.0
2026-05-22T14:48:39.396173+00:00,RISK_SCORE,T000694,APPROVE risk_score=0.0
2026-05-22T14:48:39.396173+00:00,RISK_SCORE,T000695,APPROVE risk_score=0.0
2026-05-22T14:48:39.396173+00:00,RISK_SCORE,T000696,APPROVE risk_score=0.0
2026-05-22T14:48:39.396173+00:00,RISK_SCORE,T000697,APPROVE risk_score=0.0
2026-05-22T14:48:39.396173+00:00,RISK_SCORE,T000698,APPROVE risk_score=0.0
2026-05-22T14:48:39.396173+00:00,RISK_SCORE,T000699,APPROVE risk_score=14.28
2026-05-22T14:48:39.396173+00:00,RISK_SCORE,T000700,APPROVE risk_score=0.0
2026-05-22T14:48:39.396173+00:00,RISK_SCORE,T000701,APPROVE risk_score=0.0
2026-05-22T14:48:39.396173+00:00,RISK_SCORE,T000702,APPROVE risk_score=0.0
2026-05-22T14:48:39.396173+00:00,RISK_SCORE,T000703,APPROVE risk_score=0.0
2026-05-22T14:48:39.396173+00:00,RISK_SCORE,T000704,APPROVE risk_score=0.0
2026-05-22T14:48:39.396173+00:00,RISK_SCORE,T000705,APPROVE risk_score=0.0
2026-05-22T14:48:39.396173+00:00,RISK_SCORE,T000706,APPROVE risk_score=0.0
2026-05-22T14:48:39.396173+00:00,RISK_SCORE,T000707,APPROVE risk_score=0.0
2026-05-22T14:48:39.396173+00:00,RISK_SCORE,T000708,APPROVE risk_score=0.0
2026-05-22T14:48:39.396173+00:00,RISK_SCORE,T000709,APPROVE risk_score=0.0
2026-05-22T14:48:39.396173+00:00,RISK_SCORE,T000710,APPROVE risk_score=0.0
2026-05-22T14:48:39.396173+00:00,RISK_SCORE,T000711,APPROVE risk_score=0.0
2026-05-22T14:48:39.396173+00:00,RISK_SCORE,T000712,APPROVE risk_score=0.0
2026-05-22T14:48:39.396173+00:00,RISK_SCORE,T000713,APPROVE risk_score=0.0
2026-05-22T14:48:39.396173+00:00,RISK_SCORE,T000714,APPROVE risk_score=0.0
2026-05-22T14:48:39.396173+00:00,RISK_SCORE,T000715,APPROVE risk_score=0.0
2026-05-22T14:48:39.396173+00:00,RISK_SCORE,T000716,APPROVE risk_score=0.0
2026-05-22T14:48:39.396173+00:00,RISK_SCORE,T000717,APPROVE risk_score=0.0
2026-05-22T14:48:39.396173+00:00,RISK_SCORE,T000718,APPROVE risk_score=0.0
2026-05-22T14:48:39.396173+00:00,RISK_SCORE,T000719,APPROVE risk_score=0.0
2026-05-22T14:48:39.396173+00:00,RISK_SCORE,T000720,APPROVE risk_score=0.0
2026-05-22T14:48:39.396173+00:00,RISK_SCORE,T000721,APPROVE risk_score=0.0
2026-05-22T14:48:39.396173+00:00,RISK_SCORE,T000722,APPROVE risk_score=0.0
2026-05-22T14:48:39.396173+00:00,RISK_SCORE,T000723,APPROVE risk_score=0.0
2026-05-22T14:48:39.396173+00:00,RISK_SCORE,T000724,APPROVE risk_score=0.0
2026-05-22T14:48:39.396173+00:00,RISK_SCORE,T000725,APPROVE risk_score=0.0
2026-05-22T14:48:39.396173+00:00,RISK_SCORE,T000726,APPROVE risk_score=0.0
2026-05-22T14:48:39.396173+00:00,RISK_SCORE,T000727,APPROVE risk_score=0.0
2026-05-22T14:48:39.396173+00:00,RISK_SCORE,T000728,APPROVE risk_score=0.0
2026-05-22T14:48:39.396173+00:00,RISK_SCORE,T000729,APPROVE risk_score=0.0
2026-05-22T14:48:39.396173+00:00,RISK_SCORE,T000730,APPROVE risk_score=0.0
2026-05-22T14:48:39.396173+00:00,RISK_SCORE,T000731,APPROVE risk_score=0.0
2026-05-22T14:48:39.396173+00:00,RISK_SCORE,T000732,APPROVE risk_score=0.0
2026-05-22T14:48:39.396173+00:00,RISK_SCORE,T000733,APPROVE risk_score=0.0
2026-05-22T14:48:39.396173+00:00,RISK_SCORE,T000734,APPROVE risk_score=0.0
2026-05-22T14:48:39.396173+00:00,RISK_SCORE,T000735,APPROVE risk_score=0.0
2026-05-22T14:48:39.396173+00:00,RISK_SCORE,T000736,APPROVE risk_score=0.0
2026-05-22T14:48:39.396173+00:00,RISK_SCORE,T000737,APPROVE risk_score=0.0
2026-05-22T14:48:39.396173+00:00,RISK_SCORE,T000738,APPROVE risk_score=0.0
2026-05-22T14:48:39.396173+00:00,RISK_SCORE,T000739,APPROVE risk_score=0.0
2026-05-22T14:48:39.396173+00:00,RISK_SCORE,T000740,APPROVE risk_score=0.0
2026-05-22T14:48:39.396173+00:00,RISK_SCORE,T000741,APPROVE risk_score=0.0
2026-05-22T14:48:39.396173+00:00,RISK_SCORE,T000742,APPROVE risk_score=0.0
2026-05-22T14:48:39.396173+00:00,RISK_SCORE,T000743,APPROVE risk_score=0.0
2026-05-22T14:48:39.396173+00:00,RISK_SCORE,T000744,APPROVE risk_score=13.96
2026-05-22T14:48:39.396173+00:00,RISK_SCORE,T000745,APPROVE risk_score=0.0
2026-05-22T14:48:39.396173+00:00,RISK_SCORE,T000746,APPROVE risk_score=0.0
2026-05-22T14:48:39.396173+00:00,RISK_SCORE,T000747,APPROVE risk_score=0.0
2026-05-22T14:48:39.396173+00:00,RISK_SCORE,T000748,APPROVE risk_score=0.0
2026-05-22T14:48:39.396173+00:00,RISK_SCORE,T000749,APPROVE risk_score=0.0
2026-05-22T14:48:39.396173+00:00,RISK_SCORE,T000750,APPROVE risk_score=0.0
2026-05-22T14:48:39.396173+00:00,RISK_SCORE,T000751,APPROVE risk_score=0.0
2026-05-22T14:48:39.396173+00:00,RISK_SCORE,T000752,APPROVE risk_score=0.0
2026-05-22T14:48:39.396173+00:00,RISK_SCORE,T000753,APPROVE risk_score=0.0
2026-05-22T14:48:39.396173+00:00,RISK_SCORE,T000754,APPROVE risk_score=0.0
2026-05-22T14:48:39.396173+00:00,RISK_SCORE,T000755,APPROVE risk_score=0.0
2026-05-22T14:48:39.396173+00:00,RISK_SCORE,T000756,APPROVE risk_score=0.0
2026-05-22T14:48:39.396173+00:00,RISK_SCORE,T000757,APPROVE risk_score=0.0
2026-05-22T14:48:39.396173+00:00,RISK_SCORE,T000758,APPROVE risk_score=0.0
2026-05-22T14:48:39.396173+00:00,RISK_SCORE,T000759,APPROVE risk_score=0.0
2026-05-22T14:48:39.396173+00:00,RISK_SCORE,T000760,APPROVE risk_score=0.0
2026-05-22T14:48:39.396173+00:00,RISK_SCORE,T000761,APPROVE risk_score=0.0
2026-05-22T14:48:39.396173+00:00,RISK_SCORE,T000762,APPROVE risk_score=0.0
2026-05-22T14:48:39.396173+00:00,RISK_SCORE,T000763,APPROVE risk_score=0.0
2026-05-22T14:48:39.396173+00:00,RISK_SCORE,T000764,APPROVE risk_score=0.0
2026-05-22T14:48:39.396173+00:00,RISK_SCORE,T000765,APPROVE risk_score=0.0
2026-05-22T14:48:39.396173+00:00,RISK_SCORE,T000766,APPROVE risk_score=0.0
2026-05-22T14:48:39.396173+00:00,RISK_SCORE,T000767,APPROVE risk_score=0.0
2026-05-22T14:48:39.396173+00:00,RISK_SCORE,T000768,APPROVE risk_score=0.0
2026-05-22T14:48:39.396173+00:00,RISK_SCORE,T000769,APPROVE risk_score=0.0
2026-05-22T14:48:39.396173+00:00,RISK_SCORE,T000770,APPROVE risk_score=0.0
2026-05-22T14:48:39.396173+00:00,RISK_SCORE,T000771,APPROVE risk_score=0.0
2026-05-22T14:48:39.396173+00:00,RISK_SCORE,T000772,APPROVE risk_score=0.0
2026-05-22T14:48:39.396173+00:00,RISK_SCORE,T000773,APPROVE risk_score=0.0
2026-05-22T14:48:39.396173+00:00,RISK_SCORE,T000774,APPROVE risk_score=0.0
2026-05-22T14:48:39.396173+00:00,RISK_SCORE,T000775,APPROVE risk_score=0.0
2026-05-22T14:48:39.396173+00:00,RISK_SCORE,T000776,APPROVE risk_score=0.0
2026-05-22T14:48:39.396173+00:00,RISK_SCORE,T000777,APPROVE risk_score=0.0
2026-05-22T14:48:39.396173+00:00,RISK_SCORE,T000778,APPROVE risk_score=0.0
2026-05-22T14:48:39.396173+00:00,RISK_SCORE,T000779,APPROVE risk_score=0.0
2026-05-22T14:48:39.396173+00:00,RISK_SCORE,T000780,APPROVE risk_score=0.0
2026-05-22T14:48:39.396173+00:00,RISK_SCORE,T000781,APPROVE risk_score=0.0
2026-05-22T14:48:39.396173+00:00,RISK_SCORE,T000782,APPROVE risk_score=0.0
2026-05-22T14:48:39.396173+00:00,RISK_SCORE,T000783,APPROVE risk_score=0.0
2026-05-22T14:48:39.396173+00:00,RISK_SCORE,T000784,APPROVE risk_score=0.0
2026-05-22T14:48:39.396173+00:00,RISK_SCORE,T000785,APPROVE risk_score=0.0
2026-05-22T14:48:39.396173+00:00,RISK_SCORE,T000786,APPROVE risk_score=0.0
2026-05-22T14:48:39.396173+00:00,RISK_SCORE,T000787,APPROVE risk_score=0.0
2026-05-22T14:48:39.396173+00:00,RISK_SCORE,T000788,APPROVE risk_score=0.0
2026-05-22T14:48:39.396173+00:00,RISK_SCORE,T000789,APPROVE risk_score=0.0
2026-05-22T14:48:39.396173+00:00,RISK_SCORE,T000790,APPROVE risk_score=0.0
2026-05-22T14:48:39.396173+00:00,RISK_SCORE,T000791,APPROVE risk_score=0.0
2026-05-22T14:48:39.396173+00:00,RISK_SCORE,T000792,APPROVE risk_score=0.0
2026-05-22T14:48:39.396173+00:00,RISK_SCORE,T000793,APPROVE risk_score=0.0
2026-05-22T14:48:39.396173+00:00,RISK_SCORE,T000794,APPROVE risk_score=0.0
2026-05-22T14:48:39.396173+00:00,RISK_SCORE,T000795,APPROVE risk_score=0.0
2026-05-22T14:48:39.396173+00:00,RISK_SCORE,T000796,APPROVE risk_score=0.0
2026-05-22T14:48:39.396173+00:00,RISK_SCORE,T000797,APPROVE risk_score=0.0
2026-05-22T14:48:39.396173+00:00,RISK_SCORE,T000798,APPROVE risk_score=0.0
2026-05-22T14:48:39.396173+00:00,RISK_SCORE,T000799,APPROVE risk_score=0.0
2026-05-22T14:48:39.396173+00:00,RISK_SCORE,T000800,APPROVE risk_score=0.0
2026-05-22T14:48:39.396173+00:00,RISK_SCORE,T000801,APPROVE risk_score=0.0
2026-05-22T14:48:39.396173+00:00,RISK_SCORE,T000802,APPROVE risk_score=0.0
2026-05-22T14:48:39.396173+00:00,RISK_SCORE,T000803,APPROVE risk_score=0.0
2026-05-22T14:48:39.396173+00:00,RISK_SCORE,T000804,APPROVE risk_score=0.0
2026-05-22T14:48:39.396173+00:00,RISK_SCORE,T000805,APPROVE risk_score=0.0
2026-05-22T14:48:39.396173+00:00,RISK_SCORE,T000806,APPROVE risk_score=0.0
2026-05-22T14:48:39.396173+00:00,RISK_SCORE,T000807,APPROVE risk_score=0.0
2026-05-22T14:48:39.396173+00:00,RISK_SCORE,T000808,APPROVE risk_score=0.0
2026-05-22T14:48:39.396173+00:00,RISK_SCORE,T000809,APPROVE risk_score=0.0
2026-05-22T14:48:39.396173+00:00,RISK_SCORE,T000810,APPROVE risk_score=0.0
2026-05-22T14:48:39.396173+00:00,RISK_SCORE,T000811,APPROVE risk_score=0.0
2026-05-22T14:48:39.396173+00:00,RISK_SCORE,T000812,APPROVE risk_score=0.0
2026-05-22T14:48:39.396173+00:00,RISK_SCORE,T000813,APPROVE risk_score=0.0
2026-05-22T14:48:39.396173+00:00,RISK_SCORE,T000814,APPROVE risk_score=0.0
2026-05-22T14:48:39.396173+00:00,RISK_SCORE,T000815,REVIEW risk_score=67.5
2026-05-22T14:48:39.396173+00:00,RISK_SCORE,T000816,APPROVE risk_score=0.0
2026-05-22T14:48:39.396173+00:00,RISK_SCORE,T000817,APPROVE risk_score=0.0
2026-05-22T14:48:39.396173+00:00,RISK_SCORE,T000818,APPROVE risk_score=0.0
2026-05-22T14:48:39.396173+00:00,RISK_SCORE,T000819,APPROVE risk_score=0.0
2026-05-22T14:48:39.396173+00:00,RISK_SCORE,T000820,APPROVE risk_score=0.0
2026-05-22T14:48:39.396173+00:00,RISK_SCORE,T000821,APPROVE risk_score=0.0
2026-05-22T14:48:39.396173+00:00,RISK_SCORE,T000822,APPROVE risk_score=0.0
2026-05-22T14:48:39.396173+00:00,RISK_SCORE,T000823,APPROVE risk_score=0.0
2026-05-22T14:48:39.396173+00:00,RISK_SCORE,T000824,APPROVE risk_score=0.0
2026-05-22T14:48:39.396173+00:00,RISK_SCORE,T000825,APPROVE risk_score=0.0
2026-05-22T14:48:39.396173+00:00,RISK_SCORE,T000826,APPROVE risk_score=0.0
2026-05-22T14:48:39.396173+00:00,RISK_SCORE,T000827,APPROVE risk_score=0.0
2026-05-22T14:48:39.396173+00:00,RISK_SCORE,T000828,APPROVE risk_score=0.0
2026-05-22T14:48:39.396173+00:00,RISK_SCORE,T000829,APPROVE risk_score=0.0
2026-05-22T14:48:39.396173+00:00,RISK_SCORE,T000830,APPROVE risk_score=0.0
2026-05-22T14:48:39.396173+00:00,RISK_SCORE,T000831,APPROVE risk_score=0.0
2026-05-22T14:48:39.396173+00:00,RISK_SCORE,T000832,APPROVE risk_score=0.0
2026-05-22T14:48:39.396173+00:00,RISK_SCORE,T000833,APPROVE risk_score=0.0
2026-05-22T14:48:39.396173+00:00,RISK_SCORE,T000834,APPROVE risk_score=0.0
2026-05-22T14:48:39.396173+00:00,RISK_SCORE,T000835,APPROVE risk_score=0.0
2026-05-22T14:48:39.396173+00:00,RISK_SCORE,T000836,APPROVE risk_score=0.0
2026-05-22T14:48:39.396173+00:00,RISK_SCORE,T000837,APPROVE risk_score=0.0
2026-05-22T14:48:39.396173+00:00,RISK_SCORE,T000838,APPROVE risk_score=0.0
2026-05-22T14:48:39.396173+00:00,RISK_SCORE,T000839,APPROVE risk_score=0.0
2026-05-22T14:48:39.396173+00:00,RISK_SCORE,T000840,APPROVE risk_score=0.0
2026-05-22T14:48:39.396173+00:00,RISK_SCORE,T000841,APPROVE risk_score=0.0
2026-05-22T14:48:39.396173+00:00,RISK_SCORE,T000842,APPROVE risk_score=0.0
2026-05-22T14:48:39.396173+00:00,RISK_SCORE,T000843,APPROVE risk_score=0.0
2026-05-22T14:48:39.396173+00:00,RISK_SCORE,T000844,APPROVE risk_score=0.0
2026-05-22T14:48:39.396173+00:00,RISK_SCORE,T000845,APPROVE risk_score=0.0
2026-05-22T14:48:39.396173+00:00,RISK_SCORE,T000846,APPROVE risk_score=0.0
2026-05-22T14:48:39.396173+00:00,RISK_SCORE,T000847,APPROVE risk_score=0.0
2026-05-22T14:48:39.396173+00:00,RISK_SCORE,T000848,APPROVE risk_score=0.0
2026-05-22T14:48:39.396173+00:00,RISK_SCORE,T000849,APPROVE risk_score=0.0
2026-05-22T14:48:39.396173+00:00,RISK_SCORE,T000850,APPROVE risk_score=0.0
2026-05-22T14:48:39.396173+00:00,RISK_SCORE,T000851,APPROVE risk_score=0.0
2026-05-22T14:48:39.396173+00:00,RISK_SCORE,T000852,APPROVE risk_score=0.0
2026-05-22T14:48:39.396173+00:00,RISK_SCORE,T000853,APPROVE risk_score=0.0
2026-05-22T14:48:39.396173+00:00,RISK_SCORE,T000854,APPROVE risk_score=0.0
2026-05-22T14:48:39.396173+00:00,RISK_SCORE,T000855,APPROVE risk_score=0.0
2026-05-22T14:48:39.396173+00:00,RISK_SCORE,T000856,APPROVE risk_score=0.0
2026-05-22T14:48:39.396173+00:00,RISK_SCORE,T000857,APPROVE risk_score=0.0
2026-05-22T14:48:39.396173+00:00,RISK_SCORE,T000858,APPROVE risk_score=0.0
2026-05-22T14:48:39.396173+00:00,RISK_SCORE,T000859,APPROVE risk_score=0.0
2026-05-22T14:48:39.396173+00:00,RISK_SCORE,T000860,APPROVE risk_score=0.0
2026-05-22T14:48:39.396173+00:00,RISK_SCORE,T000861,APPROVE risk_score=0.0
2026-05-22T14:48:39.396173+00:00,RISK_SCORE,T000862,APPROVE risk_score=0.0
2026-05-22T14:48:39.396173+00:00,RISK_SCORE,T000863,APPROVE risk_score=0.0
2026-05-22T14:48:39.396173+00:00,RISK_SCORE,T000864,APPROVE risk_score=0.0
2026-05-22T14:48:39.396173+00:00,RISK_SCORE,T000865,APPROVE risk_score=0.0
2026-05-22T14:48:39.396173+00:00,RISK_SCORE,T000866,APPROVE risk_score=0.0
2026-05-22T14:48:39.396173+00:00,RISK_SCORE,T000867,APPROVE risk_score=0.0
2026-05-22T14:48:39.396173+00:00,RISK_SCORE,T000868,APPROVE risk_score=0.0
2026-05-22T14:48:39.396173+00:00,RISK_SCORE,T000869,APPROVE risk_score=0.0
2026-05-22T14:48:39.396173+00:00,RISK_SCORE,T000870,APPROVE risk_score=0.0
2026-05-22T14:48:39.396173+00:00,RISK_SCORE,T000871,APPROVE risk_score=0.0
2026-05-22T14:48:39.396173+00:00,RISK_SCORE,T000872,APPROVE risk_score=0.0
2026-05-22T14:48:39.396173+00:00,RISK_SCORE,T000873,APPROVE risk_score=0.0
2026-05-22T14:48:39.396173+00:00,RISK_SCORE,T000874,APPROVE risk_score=0.0
2026-05-22T14:48:39.396173+00:00,RISK_SCORE,T000875,APPROVE risk_score=0.0
2026-05-22T14:48:39.396173+00:00,RISK_SCORE,T000876,APPROVE risk_score=0.0
2026-05-22T14:48:39.396173+00:00,RISK_SCORE,T000877,APPROVE risk_score=16.27
2026-05-22T14:48:39.396173+00:00,RISK_SCORE,T000878,APPROVE risk_score=0.0
2026-05-22T14:48:39.396173+00:00,RISK_SCORE,T000879,APPROVE risk_score=0.0
2026-05-22T14:48:39.396173+00:00,RISK_SCORE,T000880,APPROVE risk_score=0.0
2026-05-22T14:48:39.396173+00:00,RISK_SCORE,T000881,APPROVE risk_score=0.0
2026-05-22T14:48:39.396173+00:00,RISK_SCORE,T000882,APPROVE risk_score=0.0
2026-05-22T14:48:39.396173+00:00,RISK_SCORE,T000883,APPROVE risk_score=0.0
2026-05-22T14:48:39.396173+00:00,RISK_SCORE,T000884,APPROVE risk_score=0.0
2026-05-22T14:48:39.396173+00:00,RISK_SCORE,T000885,APPROVE risk_score=0.0
2026-05-22T14:48:39.396173+00:00,RISK_SCORE,T000886,APPROVE risk_score=0.0
2026-05-22T14:48:39.396173+00:00,RISK_SCORE,T000887,APPROVE risk_score=0.0
2026-05-22T14:48:39.396173+00:00,RISK_SCORE,T000888,APPROVE risk_score=14.42
2026-05-22T14:48:39.396173+00:00,RISK_SCORE,T000889,APPROVE risk_score=0.0
2026-05-22T14:48:39.396173+00:00,RISK_SCORE,T000890,APPROVE risk_score=0.0
2026-05-22T14:48:39.396173+00:00,RISK_SCORE,T000891,APPROVE risk_score=0.0
2026-05-22T14:48:39.396173+00:00,RISK_SCORE,T000892,APPROVE risk_score=0.0
2026-05-22T14:48:39.396173+00:00,RISK_SCORE,T000893,APPROVE risk_score=0.0
2026-05-22T14:48:39.396173+00:00,RISK_SCORE,T000894,APPROVE risk_score=0.0
2026-05-22T14:48:39.396173+00:00,RISK_SCORE,T000895,APPROVE risk_score=0.0
2026-05-22T14:48:39.396173+00:00,RISK_SCORE,T000896,APPROVE risk_score=0.0
2026-05-22T14:48:39.396173+00:00,RISK_SCORE,T000897,APPROVE risk_score=0.0
2026-05-22T14:48:39.396173+00:00,RISK_SCORE,T000898,APPROVE risk_score=0.0
2026-05-22T14:48:39.396173+00:00,RISK_SCORE,T000899,APPROVE risk_score=0.0
2026-05-22T14:48:39.396173+00:00,RISK_SCORE,T000900,APPROVE risk_score=0.0
2026-05-22T14:48:39.396173+00:00,RISK_SCORE,T000901,APPROVE risk_score=0.0
2026-05-22T14:48:39.396173+00:00,RISK_SCORE,T000902,APPROVE risk_score=0.0
2026-05-22T14:48:39.396173+00:00,RISK_SCORE,T000903,APPROVE risk_score=0.0
2026-05-22T14:48:39.396173+00:00,RISK_SCORE,T000904,APPROVE risk_score=0.0
2026-05-22T14:48:39.396173+00:00,RISK_SCORE,T000905,APPROVE risk_score=0.0
2026-05-22T14:48:39.396173+00:00,RISK_SCORE,T000906,APPROVE risk_score=0.0
2026-05-22T14:48:39.396173+00:00,RISK_SCORE,T000907,APPROVE risk_score=0.0
2026-05-22T14:48:39.396173+00:00,RISK_SCORE,T000908,APPROVE risk_score=0.0
2026-05-22T14:48:39.396173+00:00,RISK_SCORE,T000909,APPROVE risk_score=0.0
2026-05-22T14:48:39.396173+00:00,RISK_SCORE,T000910,APPROVE risk_score=0.0
2026-05-22T14:48:39.396173+00:00,RISK_SCORE,T000911,APPROVE risk_score=0.0
2026-05-22T14:48:39.396173+00:00,RISK_SCORE,T000912,APPROVE risk_score=0.0
2026-05-22T14:48:39.396173+00:00,RISK_SCORE,T000913,APPROVE risk_score=15.7
2026-05-22T14:48:39.396173+00:00,RISK_SCORE,T000914,APPROVE risk_score=0.0
2026-05-22T14:48:39.396173+00:00,RISK_SCORE,T000915,APPROVE risk_score=0.0
2026-05-22T14:48:39.396173+00:00,RISK_SCORE,T000916,APPROVE risk_score=0.0
2026-05-22T14:48:39.396173+00:00,RISK_SCORE,T000917,APPROVE risk_score=0.0
2026-05-22T14:48:39.396173+00:00,RISK_SCORE,T000918,APPROVE risk_score=0.0
2026-05-22T14:48:39.396173+00:00,RISK_SCORE,T000919,APPROVE risk_score=0.0
2026-05-22T14:48:39.396173+00:00,RISK_SCORE,T000920,APPROVE risk_score=0.0
2026-05-22T14:48:39.396173+00:00,RISK_SCORE,T000921,APPROVE risk_score=0.0
2026-05-22T14:48:39.396173+00:00,RISK_SCORE,T000922,APPROVE risk_score=0.0
2026-05-22T14:48:39.396173+00:00,RISK_SCORE,T000923,APPROVE risk_score=0.0
2026-05-22T14:48:39.396173+00:00,RISK_SCORE,T000924,APPROVE risk_score=0.0
2026-05-22T14:48:39.396173+00:00,RISK_SCORE,T000925,APPROVE risk_score=0.0
2026-05-22T14:48:39.396173+00:00,RISK_SCORE,T000926,APPROVE risk_score=0.0
2026-05-22T14:48:39.396173+00:00,RISK_SCORE,T000927,APPROVE risk_score=0.0
2026-05-22T14:48:39.396173+00:00,RISK_SCORE,T000928,APPROVE risk_score=0.0
2026-05-22T14:48:39.396173+00:00,RISK_SCORE,T000929,APPROVE risk_score=0.0
2026-05-22T14:48:39.396173+00:00,RISK_SCORE,T000930,APPROVE risk_score=0.0
2026-05-22T14:48:39.396173+00:00,RISK_SCORE,T000931,APPROVE risk_score=0.0
2026-05-22T14:48:39.396173+00:00,RISK_SCORE,T000932,APPROVE risk_score=0.0
2026-05-22T14:48:39.396173+00:00,RISK_SCORE,T000933,APPROVE risk_score=0.0
2026-05-22T14:48:39.396173+00:00,RISK_SCORE,T000934,APPROVE risk_score=14.64
2026-05-22T14:48:39.396173+00:00,RISK_SCORE,T000935,APPROVE risk_score=0.0
2026-05-22T14:48:39.396173+00:00,RISK_SCORE,T000936,APPROVE risk_score=0.0
2026-05-22T14:48:39.396173+00:00,RISK_SCORE,T000937,APPROVE risk_score=0.0
2026-05-22T14:48:39.396173+00:00,RISK_SCORE,T000938,APPROVE risk_score=0.0
2026-05-22T14:48:39.396173+00:00,RISK_SCORE,T000939,APPROVE risk_score=0.0
2026-05-22T14:48:39.396173+00:00,RISK_SCORE,T000940,APPROVE risk_score=0.0
2026-05-22T14:48:39.396173+00:00,RISK_SCORE,T000941,APPROVE risk_score=0.0
2026-05-22T14:48:39.396173+00:00,RISK_SCORE,T000942,APPROVE risk_score=0.0
2026-05-22T14:48:39.396173+00:00,RISK_SCORE,T000943,APPROVE risk_score=0.0
2026-05-22T14:48:39.396173+00:00,RISK_SCORE,T000944,APPROVE risk_score=0.0
2026-05-22T14:48:39.396173+00:00,RISK_SCORE,T000945,APPROVE risk_score=0.0
2026-05-22T14:48:39.396173+00:00,RISK_SCORE,T000946,APPROVE risk_score=0.0
2026-05-22T14:48:39.396173+00:00,RISK_SCORE,T000947,APPROVE risk_score=0.0
2026-05-22T14:48:39.396173+00:00,RISK_SCORE,T000948,APPROVE risk_score=0.0
2026-05-22T14:48:39.396173+00:00,RISK_SCORE,T000949,APPROVE risk_score=0.0
2026-05-22T14:48:39.396173+00:00,RISK_SCORE,T000950,APPROVE risk_score=0.0
2026-05-22T14:48:39.396173+00:00,RISK_SCORE,T000951,APPROVE risk_score=0.0
2026-05-22T14:48:39.396173+00:00,RISK_SCORE,T000952,APPROVE risk_score=0.0
2026-05-22T14:48:39.396173+00:00,RISK_SCORE,T000953,APPROVE risk_score=0.0
2026-05-22T14:48:39.396173+00:00,RISK_SCORE,T000954,APPROVE risk_score=0.0
2026-05-22T14:48:39.396173+00:00,RISK_SCORE,T000955,APPROVE risk_score=0.0
2026-05-22T14:48:39.396173+00:00,RISK_SCORE,T000956,APPROVE risk_score=0.0
2026-05-22T14:48:39.396173+00:00,RISK_SCORE,T000957,APPROVE risk_score=0.0
2026-05-22T14:48:39.396173+00:00,RISK_SCORE,T000958,APPROVE risk_score=0.0
2026-05-22T14:48:39.396173+00:00,RISK_SCORE,T000959,APPROVE risk_score=0.0
2026-05-22T14:48:39.396173+00:00,RISK_SCORE,T000960,APPROVE risk_score=0.0
2026-05-22T14:48:39.396173+00:00,RISK_SCORE,T000961,APPROVE risk_score=0.0
2026-05-22T14:48:39.396173+00:00,RISK_SCORE,T000962,APPROVE risk_score=0.0
2026-05-22T14:48:39.396173+00:00,RISK_SCORE,T000963,APPROVE risk_score=0.0
2026-05-22T14:48:39.396173+00:00,RISK_SCORE,T000964,APPROVE risk_score=0.0
2026-05-22T14:48:39.396173+00:00,RISK_SCORE,T000965,APPROVE risk_score=0.0
2026-05-22T14:48:39.396173+00:00,RISK_SCORE,T000966,APPROVE risk_score=0.0
2026-05-22T14:48:39.396173+00:00,RISK_SCORE,T000967,APPROVE risk_score=0.0
2026-05-22T14:48:39.396173+00:00,RISK_SCORE,T000968,APPROVE risk_score=0.0
2026-05-22T14:48:39.396173+00:00,RISK_SCORE,T000969,APPROVE risk_score=0.0
2026-05-22T14:48:39.396173+00:00,RISK_SCORE,T000970,APPROVE risk_score=0.0
2026-05-22T14:48:39.396173+00:00,RISK_SCORE,T000971,APPROVE risk_score=0.0
2026-05-22T14:48:39.396173+00:00,RISK_SCORE,T000972,APPROVE risk_score=0.0
2026-05-22T14:48:39.396173+00:00,RISK_SCORE,T000973,APPROVE risk_score=0.0
2026-05-22T14:48:39.396173+00:00,RISK_SCORE,T000974,APPROVE risk_score=0.0
2026-05-22T14:48:39.396173+00:00,RISK_SCORE,T000975,APPROVE risk_score=0.0
2026-05-22T14:48:39.396173+00:00,RISK_SCORE,T000976,APPROVE risk_score=0.0
2026-05-22T14:48:39.396173+00:00,RISK_SCORE,T000977,APPROVE risk_score=0.0
2026-05-22T14:48:39.396173+00:00,RISK_SCORE,T000978,APPROVE risk_score=0.0
2026-05-22T14:48:39.396173+00:00,RISK_SCORE,T000979,APPROVE risk_score=0.0
2026-05-22T14:48:39.396173+00:00,RISK_SCORE,T000980,APPROVE risk_score=0.0
2026-05-22T14:48:39.396173+00:00,RISK_SCORE,T000981,APPROVE risk_score=0.0
2026-05-22T14:48:39.396173+00:00,RISK_SCORE,T000982,APPROVE risk_score=0.0
2026-05-22T14:48:39.396173+00:00,RISK_SCORE,T000983,APPROVE risk_score=0.0
2026-05-22T14:48:39.396173+00:00,RISK_SCORE,T000984,APPROVE risk_score=0.0
2026-05-22T14:48:39.396173+00:00,RISK_SCORE,T000985,APPROVE risk_score=14.34
2026-05-22T14:48:39.396173+00:00,RISK_SCORE,T000986,APPROVE risk_score=0.0
2026-05-22T14:48:39.396173+00:00,RISK_SCORE,T000987,APPROVE risk_score=0.0
2026-05-22T14:48:39.396173+00:00,RISK_SCORE,T000988,APPROVE risk_score=0.0
2026-05-22T14:48:39.396173+00:00,RISK_SCORE,T000989,APPROVE risk_score=0.0
2026-05-22T14:48:39.396173+00:00,RISK_SCORE,T000990,APPROVE risk_score=0.0
2026-05-22T14:48:39.396173+00:00,RISK_SCORE,T000991,APPROVE risk_score=0.0
2026-05-22T14:48:39.396173+00:00,RISK_SCORE,T000992,APPROVE risk_score=0.0
2026-05-22T14:48:39.396173+00:00,RISK_SCORE,T000993,APPROVE risk_score=0.0
2026-05-22T14:48:39.396173+00:00,RISK_SCORE,T000994,APPROVE risk_score=0.0
2026-05-22T14:48:39.396173+00:00,RISK_SCORE,T000995,APPROVE risk_score=0.0
2026-05-22T14:48:39.396173+00:00,RISK_SCORE,T000996,APPROVE risk_score=0.0
2026-05-22T14:48:39.396173+00:00,RISK_SCORE,T000997,APPROVE risk_score=0.0
2026-05-22T14:48:39.396173+00:00,RISK_SCORE,T000998,APPROVE risk_score=0.0
2026-05-22T14:48:39.396173+00:00,RISK_SCORE,T000999,APPROVE risk_score=0.0
2026-05-22T14:48:39.396173+00:00,RULE_HIT,T000000,amount_greater_than_50000 score=85
2026-05-22T14:48:39.396173+00:00,RULE_HIT,T000001,amount_greater_than_50000 score=85
2026-05-22T14:48:39.396173+00:00,RULE_HIT,T000002,amount_greater_than_50000 score=85
2026-05-22T14:48:39.396173+00:00,RULE_HIT,T000003,amount_greater_than_50000 score=85
2026-05-22T14:48:39.396173+00:00,RULE_HIT,T000004,amount_greater_than_50000 score=85
2026-05-22T14:48:39.396173+00:00,RULE_HIT,T000005,amount_greater_than_50000 score=85
2026-05-22T14:48:39.396173+00:00,RULE_HIT,T000006,amount_greater_than_50000 score=85
2026-05-22T14:48:39.396173+00:00,RULE_HIT,T000007,amount_greater_than_50000 score=85
2026-05-22T14:48:39.396173+00:00,RULE_HIT,T000008,amount_greater_than_50000 score=85
2026-05-22T14:48:39.396173+00:00,RULE_HIT,T000009,amount_greater_than_50000 score=85
2026-05-22T14:48:39.396173+00:00,RULE_HIT,T000072,amount_greater_than_50000 score=85
2026-05-22T14:48:39.396173+00:00,RULE_HIT,T000073,amount_greater_than_50000 score=85
2026-05-22T14:48:39.396173+00:00,RULE_HIT,T000074,amount_greater_than_50000 score=85
2026-05-22T14:48:39.396173+00:00,RULE_HIT,T000080,amount_greater_than_50000 score=85
2026-05-22T14:48:39.396173+00:00,RULE_HIT,T000082,amount_greater_than_50000 score=85
2026-05-22T14:48:39.396173+00:00,RULE_HIT,T000083,amount_greater_than_50000 score=85
2026-05-22T14:48:39.396173+00:00,RULE_HIT,T000084,amount_greater_than_50000 score=85
2026-05-22T14:48:39.396173+00:00,RULE_HIT,T000085,amount_greater_than_50000 score=85
2026-05-22T14:48:39.396173+00:00,RULE_HIT,T000086,amount_greater_than_50000 score=85
2026-05-22T14:48:39.396173+00:00,RULE_HIT,T000087,amount_greater_than_50000 score=85
2026-05-22T14:48:39.396173+00:00,RULE_HIT,T000088,amount_greater_than_50000 score=85
2026-05-22T14:48:39.396173+00:00,RULE_HIT,T000089,amount_greater_than_50000 score=85
2026-05-22T14:48:39.396173+00:00,RULE_HIT,T000261,amount_greater_than_50000 score=85
2026-05-22T14:48:39.396173+00:00,RULE_HIT,T000528,amount_greater_than_50000 score=85
2026-05-22T14:48:39.396173+00:00,RULE_HIT,T000590,amount_greater_than_50000 score=85
2026-05-22T14:48:39.396173+00:00,RULE_HIT,T000815,amount_greater_than_50000 score=85
2026-05-22T14:48:39.396173+00:00,RULE_HIT,T000023,failed_attempts_more_than_3 score=80
2026-05-22T14:48:39.396173+00:00,RULE_HIT,T000018,failed_attempts_more_than_3 score=80
2026-05-22T14:48:39.396173+00:00,RULE_HIT,T000019,failed_attempts_more_than_3 score=80
2026-05-22T14:48:39.396173+00:00,RULE_HIT,T000015,velocity_more_than_5_txn_10_min score=82
2026-05-22T14:48:39.396173+00:00,RULE_HIT,T000016,velocity_more_than_5_txn_10_min score=82
2026-05-22T14:48:39.396173+00:00,RULE_HIT,T000017,velocity_more_than_5_txn_10_min score=82
2026-05-22T14:48:39.396173+00:00,RULE_HIT,T000024,high_risk_country score=65
2026-05-22T14:48:39.396173+00:00,RULE_HIT,T000025,high_risk_country score=65
2026-05-22T14:48:39.396173+00:00,RULE_HIT,T000026,high_risk_country score=65
2026-05-22T14:48:39.396173+00:00,RULE_HIT,T000027,high_risk_country score=65
2026-05-22T14:48:39.396173+00:00,RULE_HIT,T000028,high_risk_country score=65
2026-05-22T14:48:39.396173+00:00,RULE_HIT,T000029,high_risk_country score=65
2026-05-22T14:48:39.396173+00:00,RULE_HIT,T000030,high_risk_country score=65
2026-05-22T14:48:39.396173+00:00,RULE_HIT,T000031,high_risk_country score=65
2026-05-22T14:48:39.396173+00:00,RULE_HIT,T000002,new_device_high_amount score=78
2026-05-22T14:48:39.396173+00:00,RULE_HIT,T000007,new_device_high_amount score=78
2026-05-22T14:48:39.396173+00:00,RULE_HIT,T000046,new_device_high_amount score=78
2026-05-22T14:48:39.396173+00:00,RULE_HIT,T000047,new_device_high_amount score=78
2026-05-22T14:48:39.396173+00:00,RULE_HIT,T000072,new_device_high_amount score=78
2026-05-22T14:48:39.396173+00:00,RULE_HIT,T000081,new_device_high_amount score=78
2026-05-22T14:48:39.396173+00:00,RULE_HIT,T000082,new_device_high_amount score=78
2026-05-22T14:48:39.396173+00:00,RULE_HIT,T000083,new_device_high_amount score=78
2026-05-22T14:48:39.396173+00:00,RULE_HIT,T000084,new_device_high_amount score=78
2026-05-22T14:48:39.396173+00:00,RULE_HIT,T000085,new_device_high_amount score=78
2026-05-22T14:48:39.396173+00:00,RULE_HIT,T000086,new_device_high_amount score=78
2026-05-22T14:48:39.396173+00:00,RULE_HIT,T000087,new_device_high_amount score=78
2026-05-22T14:48:39.396173+00:00,RULE_HIT,T000088,new_device_high_amount score=78
2026-05-22T14:48:39.396173+00:00,RULE_HIT,T000089,new_device_high_amount score=78
2026-05-22T14:48:39.396173+00:00,RULE_HIT,T000196,new_device_high_amount score=78
2026-05-22T14:48:39.396173+00:00,RULE_HIT,T000008,round_amount_transfer score=55
2026-05-22T14:48:39.396173+00:00,RULE_HIT,T000040,round_amount_transfer score=55
2026-05-22T14:48:39.396173+00:00,RULE_HIT,T000058,round_amount_transfer score=55
2026-05-22T14:48:39.396173+00:00,RULE_HIT,T000060,round_amount_transfer score=55
2026-05-22T14:48:39.396173+00:00,RULE_HIT,T000061,round_amount_transfer score=55
2026-05-22T14:48:39.396173+00:00,RULE_HIT,T000063,round_amount_transfer score=55
2026-05-22T14:48:39.396173+00:00,RULE_HIT,T000064,round_amount_transfer score=55
2026-05-22T14:48:39.396173+00:00,RULE_HIT,T000066,round_amount_transfer score=55
2026-05-22T14:48:39.396173+00:00,RULE_HIT,T000067,round_amount_transfer score=55
2026-05-22T14:48:39.396173+00:00,RULE_HIT,T000069,round_amount_transfer score=55
2026-05-22T14:48:39.396173+00:00,RULE_HIT,T000070,round_amount_transfer score=55
2026-05-22T14:48:39.396173+00:00,RULE_HIT,T000071,round_amount_transfer score=55
2026-05-22T14:48:39.396173+00:00,RULE_HIT,T000072,round_amount_transfer score=55
2026-05-22T14:48:39.396173+00:00,RULE_HIT,T000073,round_amount_transfer score=55
2026-05-22T14:48:39.396173+00:00,RULE_HIT,T000074,round_amount_transfer score=55
2026-05-22T14:48:39.396173+00:00,RULE_HIT,T000075,round_amount_transfer score=55
2026-05-22T14:48:39.396173+00:00,RULE_HIT,T000076,round_amount_transfer score=55
2026-05-22T14:48:39.396173+00:00,RULE_HIT,T000077,round_amount_transfer score=55
2026-05-22T14:48:39.396173+00:00,RULE_HIT,T000078,round_amount_transfer score=55
2026-05-22T14:48:39.396173+00:00,RULE_HIT,T000079,round_amount_transfer score=55
2026-05-22T14:48:39.396173+00:00,RULE_HIT,T000080,round_amount_transfer score=55
2026-05-22T14:48:39.396173+00:00,RULE_HIT,T000081,round_amount_transfer score=55
2026-05-22T14:48:39.396173+00:00,RULE_HIT,T000032,same_ip_many_customers score=78
2026-05-22T14:48:39.396173+00:00,RULE_HIT,T000033,same_ip_many_customers score=78
2026-05-22T14:48:39.396173+00:00,RULE_HIT,T000034,same_ip_many_customers score=78
2026-05-22T14:48:39.396173+00:00,RULE_HIT,T000035,same_ip_many_customers score=78
2026-05-22T14:48:39.396173+00:00,RULE_HIT,T000036,same_ip_many_customers score=78
2026-05-22T14:48:39.396173+00:00,RULE_HIT,T000037,same_ip_many_customers score=78
2026-05-22T14:48:39.396173+00:00,RULE_HIT,T000038,same_ip_many_customers score=78
2026-05-22T14:48:39.396173+00:00,RULE_HIT,T000039,same_ip_many_customers score=78
2026-05-22T14:48:39.396173+00:00,RULE_HIT,T000040,same_ip_many_customers score=78
2026-05-22T14:48:39.396173+00:00,RULE_HIT,T000041,same_ip_many_customers score=78
2026-05-22T14:48:39.396173+00:00,RULE_HIT,T000042,same_ip_many_customers score=78
2026-05-22T14:48:39.396173+00:00,RULE_HIT,T000043,same_ip_many_customers score=78
2026-05-22T14:48:39.396173+00:00,RULE_HIT,T000044,same_ip_many_customers score=78
2026-05-22T14:48:39.396173+00:00,RULE_HIT,T000045,same_ip_many_customers score=78
2026-05-22T14:48:39.396173+00:00,RULE_HIT,T000046,same_ip_many_customers score=78
2026-05-22T14:48:39.396173+00:00,RULE_HIT,T000047,same_ip_many_customers score=78
2026-05-22T14:48:39.396173+00:00,RULE_HIT,T000032,shared_device_many_customers score=78
2026-05-22T14:48:39.396173+00:00,RULE_HIT,T000033,shared_device_many_customers score=78
2026-05-22T14:48:39.396173+00:00,RULE_HIT,T000034,shared_device_many_customers score=78
2026-05-22T14:48:39.396173+00:00,RULE_HIT,T000035,shared_device_many_customers score=78
2026-05-22T14:48:39.396173+00:00,RULE_HIT,T000036,shared_device_many_customers score=78
2026-05-22T14:48:39.396173+00:00,RULE_HIT,T000037,shared_device_many_customers score=78
2026-05-22T14:48:39.396173+00:00,RULE_HIT,T000038,shared_device_many_customers score=78
2026-05-22T14:48:39.396173+00:00,RULE_HIT,T000039,shared_device_many_customers score=78
2026-05-22T14:48:39.396173+00:00,RULE_HIT,T000040,shared_device_many_customers score=78
2026-05-22T14:48:39.396173+00:00,RULE_HIT,T000041,shared_device_many_customers score=78
2026-05-22T14:48:39.396173+00:00,RULE_HIT,T000042,shared_device_many_customers score=78
2026-05-22T14:48:39.396173+00:00,RULE_HIT,T000043,shared_device_many_customers score=78
2026-05-22T14:48:39.396173+00:00,RULE_HIT,T000044,shared_device_many_customers score=78
2026-05-22T14:48:39.396173+00:00,RULE_HIT,T000045,shared_device_many_customers score=78
2026-05-22T14:48:39.396173+00:00,RULE_HIT,T000046,shared_device_many_customers score=78
2026-05-22T14:48:39.396173+00:00,RULE_HIT,T000047,shared_device_many_customers score=78
2026-05-22T14:48:39.396173+00:00,ANOMALY_ALERT,T000000,GLOBAL_AMOUNT_ZSCORE score=95.57
2026-05-22T14:48:39.396173+00:00,ANOMALY_ALERT,T000001,GLOBAL_AMOUNT_ZSCORE score=100.0
2026-05-22T14:48:39.396173+00:00,ANOMALY_ALERT,T000002,GLOBAL_AMOUNT_ZSCORE score=100.0
2026-05-22T14:48:39.396173+00:00,ANOMALY_ALERT,T000003,GLOBAL_AMOUNT_ZSCORE score=79.88
2026-05-22T14:48:39.396173+00:00,ANOMALY_ALERT,T000004,GLOBAL_AMOUNT_ZSCORE score=100.0
2026-05-22T14:48:39.396173+00:00,ANOMALY_ALERT,T000005,GLOBAL_AMOUNT_ZSCORE score=65.62
2026-05-22T14:48:39.396173+00:00,ANOMALY_ALERT,T000006,GLOBAL_AMOUNT_ZSCORE score=85.59
2026-05-22T14:48:39.396173+00:00,ANOMALY_ALERT,T000007,GLOBAL_AMOUNT_ZSCORE score=100.0
2026-05-22T14:48:39.396173+00:00,ANOMALY_ALERT,T000008,GLOBAL_AMOUNT_ZSCORE score=100.0
2026-05-22T14:48:39.396173+00:00,ANOMALY_ALERT,T000009,GLOBAL_AMOUNT_ZSCORE score=91.29
2026-05-22T14:48:39.396173+00:00,ANOMALY_ALERT,T000071,GLOBAL_AMOUNT_ZSCORE score=59.92
2026-05-22T14:48:39.396173+00:00,ANOMALY_ALERT,T000072,GLOBAL_AMOUNT_ZSCORE score=100.0
2026-05-22T14:48:39.396173+00:00,ANOMALY_ALERT,T000073,GLOBAL_AMOUNT_ZSCORE score=100.0
2026-05-22T14:48:39.396173+00:00,ANOMALY_ALERT,T000074,GLOBAL_AMOUNT_ZSCORE score=100.0
2026-05-22T14:48:39.396173+00:00,ANOMALY_ALERT,T000076,GLOBAL_AMOUNT_ZSCORE score=59.92
2026-05-22T14:48:39.396173+00:00,ANOMALY_ALERT,T000079,GLOBAL_AMOUNT_ZSCORE score=59.92
2026-05-22T14:48:39.396173+00:00,ANOMALY_ALERT,T000080,GLOBAL_AMOUNT_ZSCORE score=100.0
2026-05-22T14:48:39.396173+00:00,ANOMALY_ALERT,T000081,GLOBAL_AMOUNT_ZSCORE score=59.92
2026-05-22T14:48:39.396173+00:00,ANOMALY_ALERT,T000082,GLOBAL_AMOUNT_ZSCORE score=64.48
2026-05-22T14:48:39.396173+00:00,ANOMALY_ALERT,T000083,GLOBAL_AMOUNT_ZSCORE score=64.62
2026-05-22T14:48:39.396173+00:00,ANOMALY_ALERT,T000084,GLOBAL_AMOUNT_ZSCORE score=64.77
2026-05-22T14:48:39.396173+00:00,ANOMALY_ALERT,T000085,GLOBAL_AMOUNT_ZSCORE score=64.91
2026-05-22T14:48:39.396173+00:00,ANOMALY_ALERT,T000086,GLOBAL_AMOUNT_ZSCORE score=65.05
2026-05-22T14:48:39.396173+00:00,ANOMALY_ALERT,T000087,GLOBAL_AMOUNT_ZSCORE score=65.19
2026-05-22T14:48:39.396173+00:00,ANOMALY_ALERT,T000088,GLOBAL_AMOUNT_ZSCORE score=65.34
2026-05-22T14:48:39.396173+00:00,ANOMALY_ALERT,T000089,GLOBAL_AMOUNT_ZSCORE score=65.48
2026-05-22T14:48:39.396173+00:00,ANOMALY_ALERT,T000261,GLOBAL_AMOUNT_ZSCORE score=65.92
2026-05-22T14:48:39.396173+00:00,ANOMALY_ALERT,T000528,GLOBAL_AMOUNT_ZSCORE score=61.87
2026-05-22T14:48:39.396173+00:00,ANOMALY_ALERT,T000590,GLOBAL_AMOUNT_ZSCORE score=74.24
2026-05-22T14:48:39.396173+00:00,ANOMALY_ALERT,T000815,GLOBAL_AMOUNT_ZSCORE score=77.44
2026-05-22T14:48:39.396173+00:00,ANOMALY_ALERT,T000000,CUSTOMER_AMOUNT_DEVIATION score=100.0
2026-05-22T14:48:39.396173+00:00,ANOMALY_ALERT,T000001,CUSTOMER_AMOUNT_DEVIATION score=100.0
2026-05-22T14:48:39.396173+00:00,ANOMALY_ALERT,T000002,CUSTOMER_AMOUNT_DEVIATION score=96.77
2026-05-22T14:48:39.396173+00:00,ANOMALY_ALERT,T000003,CUSTOMER_AMOUNT_DEVIATION score=94.41
2026-05-22T14:48:39.396173+00:00,ANOMALY_ALERT,T000004,CUSTOMER_AMOUNT_DEVIATION score=100.0
2026-05-22T14:48:39.396173+00:00,ANOMALY_ALERT,T000005,CUSTOMER_AMOUNT_DEVIATION score=100.0
2026-05-22T14:48:39.396173+00:00,ANOMALY_ALERT,T000006,CUSTOMER_AMOUNT_DEVIATION score=90.01
2026-05-22T14:48:39.396173+00:00,ANOMALY_ALERT,T000007,CUSTOMER_AMOUNT_DEVIATION score=100.0
2026-05-22T14:48:39.396173+00:00,ANOMALY_ALERT,T000008,CUSTOMER_AMOUNT_DEVIATION score=100.0
2026-05-22T14:48:39.396173+00:00,ANOMALY_ALERT,T000009,CUSTOMER_AMOUNT_DEVIATION score=100.0
2026-05-22T14:48:39.396173+00:00,ANOMALY_ALERT,T000020,CUSTOMER_AMOUNT_DEVIATION score=57.08
2026-05-22T14:48:39.396173+00:00,ANOMALY_ALERT,T000029,CUSTOMER_AMOUNT_DEVIATION score=54.12
2026-05-22T14:48:39.396173+00:00,ANOMALY_ALERT,T000041,CUSTOMER_AMOUNT_DEVIATION score=55.62
2026-05-22T14:48:39.396173+00:00,ANOMALY_ALERT,T000042,CUSTOMER_AMOUNT_DEVIATION score=59.41
2026-05-22T14:48:39.396173+00:00,ANOMALY_ALERT,T000043,CUSTOMER_AMOUNT_DEVIATION score=74.71
2026-05-22T14:48:39.396173+00:00,ANOMALY_ALERT,T000045,CUSTOMER_AMOUNT_DEVIATION score=56.86
2026-05-22T14:48:39.396173+00:00,ANOMALY_ALERT,T000046,CUSTOMER_AMOUNT_DEVIATION score=70.24
2026-05-22T14:48:39.396173+00:00,ANOMALY_ALERT,T000047,CUSTOMER_AMOUNT_DEVIATION score=62.78
2026-05-22T14:48:39.396173+00:00,ANOMALY_ALERT,T000063,CUSTOMER_AMOUNT_DEVIATION score=57.68
2026-05-22T14:48:39.396173+00:00,ANOMALY_ALERT,T000068,CUSTOMER_AMOUNT_DEVIATION score=55.82
2026-05-22T14:48:39.396173+00:00,ANOMALY_ALERT,T000070,CUSTOMER_AMOUNT_DEVIATION score=61.11
2026-05-22T14:48:39.396173+00:00,ANOMALY_ALERT,T000071,CUSTOMER_AMOUNT_DEVIATION score=59.41
2026-05-22T14:48:39.396173+00:00,ANOMALY_ALERT,T000072,CUSTOMER_AMOUNT_DEVIATION score=100.0
2026-05-22T14:48:39.396173+00:00,ANOMALY_ALERT,T000073,CUSTOMER_AMOUNT_DEVIATION score=100.0
2026-05-22T14:48:39.396173+00:00,ANOMALY_ALERT,T000074,CUSTOMER_AMOUNT_DEVIATION score=100.0
2026-05-22T14:48:39.396173+00:00,ANOMALY_ALERT,T000079,CUSTOMER_AMOUNT_DEVIATION score=75.14
2026-05-22T14:48:39.396173+00:00,ANOMALY_ALERT,T000080,CUSTOMER_AMOUNT_DEVIATION score=100.0
2026-05-22T14:48:39.396173+00:00,ANOMALY_ALERT,T000081,CUSTOMER_AMOUNT_DEVIATION score=81.59
2026-05-22T14:48:39.396173+00:00,ANOMALY_ALERT,T000082,CUSTOMER_AMOUNT_DEVIATION score=73.38
2026-05-22T14:48:39.396173+00:00,ANOMALY_ALERT,T000083,CUSTOMER_AMOUNT_DEVIATION score=89.55
2026-05-22T14:48:39.396173+00:00,ANOMALY_ALERT,T000084,CUSTOMER_AMOUNT_DEVIATION score=83.25
2026-05-22T14:48:39.396173+00:00,ANOMALY_ALERT,T000086,CUSTOMER_AMOUNT_DEVIATION score=83.66
2026-05-22T14:48:39.396173+00:00,ANOMALY_ALERT,T000087,CUSTOMER_AMOUNT_DEVIATION score=67.33
2026-05-22T14:48:39.396173+00:00,ANOMALY_ALERT,T000088,CUSTOMER_AMOUNT_DEVIATION score=91.64
2026-05-22T14:48:39.396173+00:00,ANOMALY_ALERT,T000089,CUSTOMER_AMOUNT_DEVIATION score=100.0
2026-05-22T14:48:39.396173+00:00,ANOMALY_ALERT,T000183,CUSTOMER_AMOUNT_DEVIATION score=65.68
2026-05-22T14:48:39.396173+00:00,ANOMALY_ALERT,T000195,CUSTOMER_AMOUNT_DEVIATION score=72.06
2026-05-22T14:48:39.396173+00:00,ANOMALY_ALERT,T000261,CUSTOMER_AMOUNT_DEVIATION score=64.41
2026-05-22T14:48:39.396173+00:00,ANOMALY_ALERT,T000344,CUSTOMER_AMOUNT_DEVIATION score=58.99
2026-05-22T14:48:39.396173+00:00,ANOMALY_ALERT,T000355,CUSTOMER_AMOUNT_DEVIATION score=74.62
2026-05-22T14:48:39.396173+00:00,ANOMALY_ALERT,T000408,CUSTOMER_AMOUNT_DEVIATION score=56.63
2026-05-22T14:48:39.396173+00:00,ANOMALY_ALERT,T000463,CUSTOMER_AMOUNT_DEVIATION score=69.11
2026-05-22T14:48:39.396173+00:00,ANOMALY_ALERT,T000476,CUSTOMER_AMOUNT_DEVIATION score=72.51
2026-05-22T14:48:39.396173+00:00,ANOMALY_ALERT,T000485,CUSTOMER_AMOUNT_DEVIATION score=69.91
2026-05-22T14:48:39.396173+00:00,ANOMALY_ALERT,T000527,CUSTOMER_AMOUNT_DEVIATION score=66.84
2026-05-22T14:48:39.396173+00:00,ANOMALY_ALERT,T000528,CUSTOMER_AMOUNT_DEVIATION score=64.4
2026-05-22T14:48:39.396173+00:00,ANOMALY_ALERT,T000590,CUSTOMER_AMOUNT_DEVIATION score=73.02
2026-05-22T14:48:39.396173+00:00,ANOMALY_ALERT,T000596,CUSTOMER_AMOUNT_DEVIATION score=93.56
2026-05-22T14:48:39.396173+00:00,ANOMALY_ALERT,T000699,CUSTOMER_AMOUNT_DEVIATION score=57.14
2026-05-22T14:48:39.396173+00:00,ANOMALY_ALERT,T000744,CUSTOMER_AMOUNT_DEVIATION score=55.86
2026-05-22T14:48:39.396173+00:00,ANOMALY_ALERT,T000815,CUSTOMER_AMOUNT_DEVIATION score=100.0
2026-05-22T14:48:39.396173+00:00,ANOMALY_ALERT,T000877,CUSTOMER_AMOUNT_DEVIATION score=65.08
2026-05-22T14:48:39.396173+00:00,ANOMALY_ALERT,T000888,CUSTOMER_AMOUNT_DEVIATION score=57.69
2026-05-22T14:48:39.396173+00:00,ANOMALY_ALERT,T000913,CUSTOMER_AMOUNT_DEVIATION score=62.78
2026-05-22T14:48:39.396173+00:00,ANOMALY_ALERT,T000934,CUSTOMER_AMOUNT_DEVIATION score=58.57
2026-05-22T14:48:39.396173+00:00,ANOMALY_ALERT,T000985,CUSTOMER_AMOUNT_DEVIATION score=57.36
2026-05-22T14:48:39.396173+00:00,GRAPH_ALERT,D_SHARED_FRAUD,SHARED_DEVICE severity=HIGH
2026-05-22T14:48:39.396173+00:00,GRAPH_ALERT,203.0.113.77,SHARED_IP severity=HIGH
2026-05-22T14:48:39.396173+00:00,GRAPH_ALERT,A_MULE_001,MULE_ACCOUNT_PATTERN severity=HIGH
