case_id,transaction_id,customer_id,risk_score,decision,reason,priority,created_at,status
CASE-000001,T000043,C0021,78.93,BLOCK,"Signals: rules, anomalies, graph",HIGH,2026-05-22T14:48:39.390743+00:00,OPEN
CASE-000002,T000046,C0024,77.81,BLOCK,"Signals: rules, anomalies, graph",HIGH,2026-05-22T14:48:39.390743+00:00,OPEN
CASE-000003,T000047,C0025,75.94,BLOCK,"Signals: rules, anomalies, graph",HIGH,2026-05-22T14:48:39.390743+00:00,OPEN
CASE-000004,T000042,C0020,75.1,BLOCK,"Signals: rules, anomalies, graph",HIGH,2026-05-22T14:48:39.390743+00:00,OPEN
CASE-000005,T000045,C0023,74.46,BLOCK,"Signals: rules, anomalies, graph",HIGH,2026-05-22T14:48:39.390743+00:00,OPEN
CASE-000006,T000041,C0019,74.16,BLOCK,"Signals: rules, anomalies, graph",HIGH,2026-05-22T14:48:39.390743+00:00,OPEN
CASE-000007,T000089,C0008,67.5,REVIEW,"Signals: rules, anomalies",MEDIUM,2026-05-22T14:48:39.390743+00:00,OPEN
CASE-000008,T000080,C0085,67.5,REVIEW,"Signals: rules, anomalies",MEDIUM,2026-05-22T14:48:39.390743+00:00,OPEN
CASE-000009,T000074,C0050,67.5,REVIEW,"Signals: rules, anomalies",MEDIUM,2026-05-22T14:48:39.390743+00:00,OPEN
CASE-000010,T000073,C0014,67.5,REVIEW,"Signals: rules, anomalies",MEDIUM,2026-05-22T14:48:39.390743+00:00,OPEN
CASE-000011,T000072,C0006,67.5,REVIEW,"Signals: rules, anomalies",MEDIUM,2026-05-22T14:48:39.390743+00:00,OPEN
CASE-000012,T000001,C0121,67.5,REVIEW,"Signals: rules, anomalies",MEDIUM,2026-05-22T14:48:39.390743+00:00,OPEN
CASE-000013,T000000,C0077,67.5,REVIEW,"Signals: rules, anomalies",MEDIUM,2026-05-22T14:48:39.390743+00:00,OPEN
CASE-000014,T000815,C0015,67.5,REVIEW,"Signals: rules, anomalies",MEDIUM,2026-05-22T14:48:39.390743+00:00,OPEN
CASE-000015,T000002,C0109,67.5,REVIEW,"Signals: rules, anomalies",MEDIUM,2026-05-22T14:48:39.390743+00:00,OPEN
CASE-000016,T000004,C0096,67.5,REVIEW,"Signals: rules, anomalies",MEDIUM,2026-05-22T14:48:39.390743+00:00,OPEN
CASE-000017,T000007,C0042,67.5,REVIEW,"Signals: rules, anomalies",MEDIUM,2026-05-22T14:48:39.390743+00:00,OPEN
CASE-000018,T000008,C0007,67.5,REVIEW,"Signals: rules, anomalies",MEDIUM,2026-05-22T14:48:39.390743+00:00,OPEN
CASE-000019,T000009,C0120,67.5,REVIEW,"Signals: rules, anomalies",MEDIUM,2026-05-22T14:48:39.390743+00:00,OPEN
CASE-000020,T000005,C0032,67.5,REVIEW,"Signals: rules, anomalies",MEDIUM,2026-05-22T14:48:39.390743+00:00,OPEN
CASE-000021,T000003,C0055,66.1,REVIEW,"Signals: rules, anomalies",MEDIUM,2026-05-22T14:48:39.390743+00:00,OPEN
CASE-000022,T000088,C0065,65.41,REVIEW,"Signals: rules, anomalies",MEDIUM,2026-05-22T14:48:39.390743+00:00,OPEN
CASE-000023,T000006,C0112,65.0,REVIEW,"Signals: rules, anomalies",MEDIUM,2026-05-22T14:48:39.390743+00:00,OPEN
CASE-000024,T000083,C0063,64.89,REVIEW,"Signals: rules, anomalies",MEDIUM,2026-05-22T14:48:39.390743+00:00,OPEN
CASE-000025,T000086,C0017,63.42,REVIEW,"Signals: rules, anomalies",MEDIUM,2026-05-22T14:48:39.390743+00:00,OPEN
CASE-000026,T000084,C0027,63.31,REVIEW,"Signals: rules, anomalies",MEDIUM,2026-05-22T14:48:39.390743+00:00,OPEN
CASE-000027,T000063,C0035,63.17,REVIEW,"Signals: rules, anomalies, graph",MEDIUM,2026-05-22T14:48:39.390743+00:00,OPEN
CASE-000028,T000590,C0116,61.06,REVIEW,"Signals: rules, anomalies",MEDIUM,2026-05-22T14:48:39.390743+00:00,OPEN
CASE-000029,T000082,C0067,60.84,REVIEW,"Signals: rules, anomalies",MEDIUM,2026-05-22T14:48:39.390743+00:00,OPEN
CASE-000030,T000032,C0010,60.25,REVIEW,"Signals: rules, graph",MEDIUM,2026-05-22T14:48:39.390743+00:00,OPEN
CASE-000031,T000038,C0016,60.25,REVIEW,"Signals: rules, graph",MEDIUM,2026-05-22T14:48:39.390743+00:00,OPEN
CASE-000032,T000037,C0015,60.25,REVIEW,"Signals: rules, graph",MEDIUM,2026-05-22T14:48:39.390743+00:00,OPEN
CASE-000033,T000033,C0011,60.25,REVIEW,"Signals: rules, graph",MEDIUM,2026-05-22T14:48:39.390743+00:00,OPEN
CASE-000034,T000034,C0012,60.25,REVIEW,"Signals: rules, graph",MEDIUM,2026-05-22T14:48:39.390743+00:00,OPEN
CASE-000035,T000044,C0022,60.25,REVIEW,"Signals: rules, graph",MEDIUM,2026-05-22T14:48:39.390743+00:00,OPEN
CASE-000036,T000035,C0013,60.25,REVIEW,"Signals: rules, graph",MEDIUM,2026-05-22T14:48:39.390743+00:00,OPEN
CASE-000037,T000036,C0014,60.25,REVIEW,"Signals: rules, graph",MEDIUM,2026-05-22T14:48:39.390743+00:00,OPEN
CASE-000038,T000040,C0018,60.25,REVIEW,"Signals: rules, graph",MEDIUM,2026-05-22T14:48:39.390743+00:00,OPEN
CASE-000039,T000039,C0017,60.25,REVIEW,"Signals: rules, graph",MEDIUM,2026-05-22T14:48:39.390743+00:00,OPEN
CASE-000040,T000081,C0110,59.4,REVIEW,"Signals: rules, anomalies",MEDIUM,2026-05-22T14:48:39.390743+00:00,OPEN
CASE-000041,T000087,C0044,59.33,REVIEW,"Signals: rules, anomalies",MEDIUM,2026-05-22T14:48:39.390743+00:00,OPEN
CASE-000042,T000261,C0051,58.98,REVIEW,"Signals: rules, anomalies",MEDIUM,2026-05-22T14:48:39.390743+00:00,OPEN
CASE-000043,T000085,C0078,58.73,REVIEW,"Signals: rules, anomalies",MEDIUM,2026-05-22T14:48:39.390743+00:00,OPEN
CASE-000044,T000528,C0044,58.6,REVIEW,"Signals: rules, anomalies",MEDIUM,2026-05-22T14:48:39.390743+00:00,OPEN
CASE-000045,T000064,C0036,48.75,REVIEW,"Signals: rules, graph",LOW,2026-05-22T14:48:39.390743+00:00,OPEN
CASE-000046,T000061,C0033,48.75,REVIEW,"Signals: rules, graph",LOW,2026-05-22T14:48:39.390743+00:00,OPEN
CASE-000047,T000060,C0032,48.75,REVIEW,"Signals: rules, graph",LOW,2026-05-22T14:48:39.390743+00:00,OPEN
CASE-000048,T000069,C0041,48.75,REVIEW,"Signals: rules, graph",LOW,2026-05-22T14:48:39.390743+00:00,OPEN
CASE-000049,T000067,C0039,48.75,REVIEW,"Signals: rules, graph",LOW,2026-05-22T14:48:39.390743+00:00,OPEN
CASE-000050,T000066,C0038,48.75,REVIEW,"Signals: rules, graph",LOW,2026-05-22T14:48:39.390743+00:00,OPEN
CASE-000051,T000058,C0030,48.75,REVIEW,"Signals: rules, graph",LOW,2026-05-22T14:48:39.390743+00:00,OPEN
CASE-000052,T000079,C0022,46.28,REVIEW,"Signals: rules, anomalies",LOW,2026-05-22T14:48:39.390743+00:00,OPEN
CASE-000053,T000029,C0066,46.03,REVIEW,"Signals: rules, anomalies",LOW,2026-05-22T14:48:39.390743+00:00,OPEN
CASE-000054,T000070,C0058,42.78,REVIEW,"Signals: rules, anomalies",LOW,2026-05-22T14:48:39.390743+00:00,OPEN
CASE-000055,T000071,C0051,42.48,REVIEW,"Signals: rules, anomalies",LOW,2026-05-22T14:48:39.390743+00:00,OPEN
CASE-000056,T000076,C0108,42.48,REVIEW,"Signals: rules, anomalies",LOW,2026-05-22T14:48:39.390743+00:00,OPEN
CASE-000057,T000015,C0001,41.0,REVIEW,Signals: rules,LOW,2026-05-22T14:48:39.390743+00:00,OPEN
CASE-000058,T000016,C0001,41.0,REVIEW,Signals: rules,LOW,2026-05-22T14:48:39.390743+00:00,OPEN
CASE-000059,T000017,C0001,41.0,REVIEW,Signals: rules,LOW,2026-05-22T14:48:39.390743+00:00,OPEN
CASE-000060,T000019,C0002,40.0,REVIEW,Signals: rules,LOW,2026-05-22T14:48:39.390743+00:00,OPEN
CASE-000061,T000023,C0002,40.0,REVIEW,Signals: rules,LOW,2026-05-22T14:48:39.390743+00:00,OPEN
CASE-000062,T000018,C0002,40.0,REVIEW,Signals: rules,LOW,2026-05-22T14:48:39.390743+00:00,OPEN
