transaction_id,customer_id,rule_score,anomaly_score,graph_score,risk_score,decision,reason
T000000,C0077,85.0,100.0,0.0,67.5,REVIEW,"Signals: rules, anomalies"
T000001,C0121,85.0,100.0,0.0,67.5,REVIEW,"Signals: rules, anomalies"
T000002,C0109,85.0,100.0,0.0,67.5,REVIEW,"Signals: rules, anomalies"
T000003,C0055,85.0,94.41,0.0,66.1,REVIEW,"Signals: rules, anomalies"
T000004,C0096,85.0,100.0,0.0,67.5,REVIEW,"Signals: rules, anomalies"
T000005,C0032,85.0,100.0,0.0,67.5,REVIEW,"Signals: rules, anomalies"
T000006,C0112,85.0,90.01,0.0,65.0,REVIEW,"Signals: rules, anomalies"
T000007,C0042,85.0,100.0,0.0,67.5,REVIEW,"Signals: rules, anomalies"
T000008,C0007,85.0,100.0,0.0,67.5,REVIEW,"Signals: rules, anomalies"
T000009,C0120,85.0,100.0,0.0,67.5,REVIEW,"Signals: rules, anomalies"
T000010,C0001,0.0,0.0,0.0,0.0,APPROVE,No material fraud signals
T000011,C0001,0.0,0.0,0.0,0.0,APPROVE,No material fraud signals
T000012,C0001,0.0,0.0,0.0,0.0,APPROVE,No material fraud signals
T000013,C0001,0.0,0.0,0.0,0.0,APPROVE,No material fraud signals
T000014,C0001,0.0,0.0,0.0,0.0,APPROVE,No material fraud signals
T000015,C0001,82.0,0.0,0.0,41.0,REVIEW,Signals: rules
T000016,C0001,82.0,0.0,0.0,41.0,REVIEW,Signals: rules
T000017,C0001,82.0,0.0,0.0,41.0,REVIEW,Signals: rules
T000018,C0002,80.0,0.0,0.0,40.0,REVIEW,Signals: rules
T000019,C0002,80.0,0.0,0.0,40.0,REVIEW,Signals: rules
T000020,C0002,0.0,57.08,0.0,14.27,APPROVE,Signals: anomalies
T000021,C0002,0.0,0.0,0.0,0.0,APPROVE,No material fraud signals
T000022,C0002,0.0,0.0,0.0,0.0,APPROVE,No material fraud signals
T000023,C0002,80.0,0.0,0.0,40.0,REVIEW,Signals: rules
T000024,C0077,65.0,0.0,0.0,32.5,APPROVE,Signals: rules
T000025,C0105,65.0,0.0,0.0,32.5,APPROVE,Signals: rules
T000026,C0070,65.0,0.0,0.0,32.5,APPROVE,Signals: rules
T000027,C0096,65.0,0.0,0.0,32.5,APPROVE,Signals: rules
T000028,C0107,65.0,0.0,0.0,32.5,APPROVE,Signals: rules
T000029,C0066,65.0,54.12,0.0,46.03,REVIEW,"Signals: rules, anomalies"
T000030,C0025,65.0,0.0,0.0,32.5,APPROVE,Signals: rules
T000031,C0048,65.0,0.0,0.0,32.5,APPROVE,Signals: rules
T000032,C0010,78.0,0.0,85.0,60.25,REVIEW,"Signals: rules, graph"
T000033,C0011,78.0,0.0,85.0,60.25,REVIEW,"Signals: rules, graph"
T000034,C0012,78.0,0.0,85.0,60.25,REVIEW,"Signals: rules, graph"
T000035,C0013,78.0,0.0,85.0,60.25,REVIEW,"Signals: rules, graph"
T000036,C0014,78.0,0.0,85.0,60.25,REVIEW,"Signals: rules, graph"
T000037,C0015,78.0,0.0,85.0,60.25,REVIEW,"Signals: rules, graph"
T000038,C0016,78.0,0.0,85.0,60.25,REVIEW,"Signals: rules, graph"
T000039,C0017,78.0,0.0,85.0,60.25,REVIEW,"Signals: rules, graph"
T000040,C0018,78.0,0.0,85.0,60.25,REVIEW,"Signals: rules, graph"
T000041,C0019,78.0,55.62,85.0,74.16,BLOCK,"Signals: rules, anomalies, graph"
T000042,C0020,78.0,59.41,85.0,75.1,BLOCK,"Signals: rules, anomalies, graph"
T000043,C0021,78.0,74.71,85.0,78.93,BLOCK,"Signals: rules, anomalies, graph"
T000044,C0022,78.0,0.0,85.0,60.25,REVIEW,"Signals: rules, graph"
T000045,C0023,78.0,56.86,85.0,74.46,BLOCK,"Signals: rules, anomalies, graph"
T000046,C0024,78.0,70.24,85.0,77.81,BLOCK,"Signals: rules, anomalies, graph"
T000047,C0025,78.0,62.78,85.0,75.94,BLOCK,"Signals: rules, anomalies, graph"
T000048,C0041,0.0,0.0,0.0,0.0,APPROVE,No material fraud signals
T000049,C0091,0.0,0.0,0.0,0.0,APPROVE,No material fraud signals
T000050,C0083,0.0,0.0,0.0,0.0,APPROVE,No material fraud signals
T000051,C0096,0.0,0.0,0.0,0.0,APPROVE,No material fraud signals
T000052,C0085,0.0,0.0,0.0,0.0,APPROVE,No material fraud signals
T000053,C0088,0.0,0.0,0.0,0.0,APPROVE,No material fraud signals
T000054,C0122,0.0,0.0,0.0,0.0,APPROVE,No material fraud signals
T000055,C0057,0.0,0.0,0.0,0.0,APPROVE,No material fraud signals
T000056,C0042,0.0,0.0,0.0,0.0,APPROVE,No material fraud signals
T000057,C0019,0.0,0.0,0.0,0.0,APPROVE,No material fraud signals
T000058,C0030,55.0,0.0,85.0,48.75,REVIEW,"Signals: rules, graph"
T000059,C0031,0.0,0.0,85.0,21.25,APPROVE,Signals: graph
T000060,C0032,55.0,0.0,85.0,48.75,REVIEW,"Signals: rules, graph"
T000061,C0033,55.0,0.0,85.0,48.75,REVIEW,"Signals: rules, graph"
T000062,C0034,0.0,0.0,85.0,21.25,APPROVE,Signals: graph
T000063,C0035,55.0,57.68,85.0,63.17,REVIEW,"Signals: rules, anomalies, graph"
T000064,C0036,55.0,0.0,85.0,48.75,REVIEW,"Signals: rules, graph"
T000065,C0037,0.0,0.0,85.0,21.25,APPROVE,Signals: graph
T000066,C0038,55.0,0.0,85.0,48.75,REVIEW,"Signals: rules, graph"
T000067,C0039,55.0,0.0,85.0,48.75,REVIEW,"Signals: rules, graph"
T000068,C0040,0.0,55.82,85.0,35.2,APPROVE,"Signals: anomalies, graph"
T000069,C0041,55.0,0.0,85.0,48.75,REVIEW,"Signals: rules, graph"
T000070,C0058,55.0,61.11,0.0,42.78,REVIEW,"Signals: rules, anomalies"
T000071,C0051,55.0,59.92,0.0,42.48,REVIEW,"Signals: rules, anomalies"
T000072,C0006,85.0,100.0,0.0,67.5,REVIEW,"Signals: rules, anomalies"
T000073,C0014,85.0,100.0,0.0,67.5,REVIEW,"Signals: rules, anomalies"
T000074,C0050,85.0,100.0,0.0,67.5,REVIEW,"Signals: rules, anomalies"
T000075,C0119,55.0,0.0,0.0,27.5,APPROVE,Signals: rules
T000076,C0108,55.0,59.92,0.0,42.48,REVIEW,"Signals: rules, anomalies"
T000077,C0033,55.0,0.0,0.0,27.5,APPROVE,Signals: rules
T000078,C0038,55.0,0.0,0.0,27.5,APPROVE,Signals: rules
T000079,C0022,55.0,75.14,0.0,46.28,REVIEW,"Signals: rules, anomalies"
T000080,C0085,85.0,100.0,0.0,67.5,REVIEW,"Signals: rules, anomalies"
T000081,C0110,78.0,81.59,0.0,59.4,REVIEW,"Signals: rules, anomalies"
T000082,C0067,85.0,73.38,0.0,60.84,REVIEW,"Signals: rules, anomalies"
T000083,C0063,85.0,89.55,0.0,64.89,REVIEW,"Signals: rules, anomalies"
T000084,C0027,85.0,83.25,0.0,63.31,REVIEW,"Signals: rules, anomalies"
T000085,C0078,85.0,64.91,0.0,58.73,REVIEW,"Signals: rules, anomalies"
T000086,C0017,85.0,83.66,0.0,63.42,REVIEW,"Signals: rules, anomalies"
T000087,C0044,85.0,67.33,0.0,59.33,REVIEW,"Signals: rules, anomalies"
T000088,C0065,85.0,91.64,0.0,65.41,REVIEW,"Signals: rules, anomalies"
T000089,C0008,85.0,100.0,0.0,67.5,REVIEW,"Signals: rules, anomalies"
T000090,C0024,0.0,0.0,0.0,0.0,APPROVE,No material fraud signals
T000091,C0115,0.0,0.0,0.0,0.0,APPROVE,No material fraud signals
T000092,C0057,0.0,0.0,0.0,0.0,APPROVE,No material fraud signals
T000093,C0010,0.0,0.0,0.0,0.0,APPROVE,No material fraud signals
T000094,C0006,0.0,0.0,0.0,0.0,APPROVE,No material fraud signals
T000095,C0100,0.0,0.0,0.0,0.0,APPROVE,No material fraud signals
T000096,C0047,0.0,0.0,0.0,0.0,APPROVE,No material fraud signals
T000097,C0090,0.0,0.0,0.0,0.0,APPROVE,No material fraud signals
T000098,C0012,0.0,0.0,0.0,0.0,APPROVE,No material fraud signals
T000099,C0002,0.0,0.0,0.0,0.0,APPROVE,No material fraud signals
T000100,C0024,0.0,0.0,0.0,0.0,APPROVE,No material fraud signals
T000101,C0046,0.0,0.0,0.0,0.0,APPROVE,No material fraud signals
T000102,C0028,0.0,0.0,0.0,0.0,APPROVE,No material fraud signals
T000103,C0095,0.0,0.0,0.0,0.0,APPROVE,No material fraud signals
T000104,C0103,0.0,0.0,0.0,0.0,APPROVE,No material fraud signals
T000105,C0102,0.0,0.0,0.0,0.0,APPROVE,No material fraud signals
T000106,C0045,0.0,0.0,0.0,0.0,APPROVE,No material fraud signals
T000107,C0002,0.0,0.0,0.0,0.0,APPROVE,No material fraud signals
T000108,C0072,0.0,0.0,0.0,0.0,APPROVE,No material fraud signals
T000109,C0028,0.0,0.0,0.0,0.0,APPROVE,No material fraud signals
T000110,C0053,0.0,0.0,0.0,0.0,APPROVE,No material fraud signals
T000111,C0050,0.0,0.0,0.0,0.0,APPROVE,No material fraud signals
T000112,C0124,0.0,0.0,0.0,0.0,APPROVE,No material fraud signals
T000113,C0072,0.0,0.0,0.0,0.0,APPROVE,No material fraud signals
T000114,C0025,0.0,0.0,0.0,0.0,APPROVE,No material fraud signals
T000115,C0051,0.0,0.0,0.0,0.0,APPROVE,No material fraud signals
T000116,C0124,0.0,0.0,0.0,0.0,APPROVE,No material fraud signals
T000117,C0036,0.0,0.0,0.0,0.0,APPROVE,No material fraud signals
T000118,C0050,0.0,0.0,0.0,0.0,APPROVE,No material fraud signals
T000119,C0076,0.0,0.0,0.0,0.0,APPROVE,No material fraud signals
T000120,C0094,0.0,0.0,0.0,0.0,APPROVE,No material fraud signals
T000121,C0102,0.0,0.0,0.0,0.0,APPROVE,No material fraud signals
T000122,C0120,0.0,0.0,0.0,0.0,APPROVE,No material fraud signals
T000123,C0120,0.0,0.0,0.0,0.0,APPROVE,No material fraud signals
T000124,C0051,0.0,0.0,0.0,0.0,APPROVE,No material fraud signals
T000125,C0029,0.0,0.0,0.0,0.0,APPROVE,No material fraud signals
T000126,C0056,0.0,0.0,0.0,0.0,APPROVE,No material fraud signals
T000127,C0032,0.0,0.0,0.0,0.0,APPROVE,No material fraud signals
T000128,C0119,0.0,0.0,0.0,0.0,APPROVE,No material fraud signals
T000129,C0104,0.0,0.0,0.0,0.0,APPROVE,No material fraud signals
T000130,C0041,0.0,0.0,0.0,0.0,APPROVE,No material fraud signals
T000131,C0103,0.0,0.0,0.0,0.0,APPROVE,No material fraud signals
T000132,C0020,0.0,0.0,0.0,0.0,APPROVE,No material fraud signals
T000133,C0080,0.0,0.0,0.0,0.0,APPROVE,No material fraud signals
T000134,C0036,0.0,0.0,0.0,0.0,APPROVE,No material fraud signals
T000135,C0084,0.0,0.0,0.0,0.0,APPROVE,No material fraud signals
T000136,C0105,0.0,0.0,0.0,0.0,APPROVE,No material fraud signals
T000137,C0061,0.0,0.0,0.0,0.0,APPROVE,No material fraud signals
T000138,C0121,0.0,0.0,0.0,0.0,APPROVE,No material fraud signals
T000139,C0096,0.0,0.0,0.0,0.0,APPROVE,No material fraud signals
T000140,C0038,0.0,0.0,0.0,0.0,APPROVE,No material fraud signals
T000141,C0090,0.0,0.0,0.0,0.0,APPROVE,No material fraud signals
T000142,C0079,0.0,0.0,0.0,0.0,APPROVE,No material fraud signals
T000143,C0114,0.0,0.0,0.0,0.0,APPROVE,No material fraud signals
T000144,C0079,0.0,0.0,0.0,0.0,APPROVE,No material fraud signals
T000145,C0013,0.0,0.0,0.0,0.0,APPROVE,No material fraud signals
T000146,C0115,0.0,0.0,0.0,0.0,APPROVE,No material fraud signals
T000147,C0008,0.0,0.0,0.0,0.0,APPROVE,No material fraud signals
T000148,C0082,0.0,0.0,0.0,0.0,APPROVE,No material fraud signals
T000149,C0005,0.0,0.0,0.0,0.0,APPROVE,No material fraud signals
T000150,C0088,0.0,0.0,0.0,0.0,APPROVE,No material fraud signals
T000151,C0017,0.0,0.0,0.0,0.0,APPROVE,No material fraud signals
T000152,C0121,0.0,0.0,0.0,0.0,APPROVE,No material fraud signals
T000153,C0062,0.0,0.0,0.0,0.0,APPROVE,No material fraud signals
T000154,C0039,0.0,0.0,0.0,0.0,APPROVE,No material fraud signals
T000155,C0026,0.0,0.0,0.0,0.0,APPROVE,No material fraud signals
T000156,C0123,0.0,0.0,0.0,0.0,APPROVE,No material fraud signals
T000157,C0003,0.0,0.0,0.0,0.0,APPROVE,No material fraud signals
T000158,C0035,0.0,0.0,0.0,0.0,APPROVE,No material fraud signals
T000159,C0033,0.0,0.0,0.0,0.0,APPROVE,No material fraud signals
T000160,C0040,0.0,0.0,0.0,0.0,APPROVE,No material fraud signals
T000161,C0092,0.0,0.0,0.0,0.0,APPROVE,No material fraud signals
T000162,C0033,0.0,0.0,0.0,0.0,APPROVE,No material fraud signals
T000163,C0009,0.0,0.0,0.0,0.0,APPROVE,No material fraud signals
T000164,C0123,0.0,0.0,0.0,0.0,APPROVE,No material fraud signals
T000165,C0032,0.0,0.0,0.0,0.0,APPROVE,No material fraud signals
T000166,C0023,0.0,0.0,0.0,0.0,APPROVE,No material fraud signals
T000167,C0044,0.0,0.0,0.0,0.0,APPROVE,No material fraud signals
T000168,C0042,0.0,0.0,0.0,0.0,APPROVE,No material fraud signals
T000169,C0075,0.0,0.0,0.0,0.0,APPROVE,No material fraud signals
T000170,C0076,0.0,0.0,0.0,0.0,APPROVE,No material fraud signals
T000171,C0034,0.0,0.0,0.0,0.0,APPROVE,No material fraud signals
T000172,C0074,0.0,0.0,0.0,0.0,APPROVE,No material fraud signals
T000173,C0105,0.0,0.0,0.0,0.0,APPROVE,No material fraud signals
T000174,C0004,0.0,0.0,0.0,0.0,APPROVE,No material fraud signals
T000175,C0122,0.0,0.0,0.0,0.0,APPROVE,No material fraud signals
T000176,C0033,0.0,0.0,0.0,0.0,APPROVE,No material fraud signals
T000177,C0043,0.0,0.0,0.0,0.0,APPROVE,No material fraud signals
T000178,C0017,0.0,0.0,0.0,0.0,APPROVE,No material fraud signals
T000179,C0090,0.0,0.0,0.0,0.0,APPROVE,No material fraud signals
T000180,C0032,0.0,0.0,0.0,0.0,APPROVE,No material fraud signals
T000181,C0095,0.0,0.0,0.0,0.0,APPROVE,No material fraud signals
T000182,C0085,0.0,0.0,0.0,0.0,APPROVE,No material fraud signals
T000183,C0004,0.0,65.68,0.0,16.42,APPROVE,Signals: anomalies
T000184,C0040,0.0,0.0,0.0,0.0,APPROVE,No material fraud signals
T000185,C0032,0.0,0.0,0.0,0.0,APPROVE,No material fraud signals
T000186,C0065,0.0,0.0,0.0,0.0,APPROVE,No material fraud signals
T000187,C0003,0.0,0.0,0.0,0.0,APPROVE,No material fraud signals
T000188,C0065,0.0,0.0,0.0,0.0,APPROVE,No material fraud signals
T000189,C0023,0.0,0.0,0.0,0.0,APPROVE,No material fraud signals
T000190,C0121,0.0,0.0,0.0,0.0,APPROVE,No material fraud signals
T000191,C0123,0.0,0.0,0.0,0.0,APPROVE,No material fraud signals
T000192,C0053,0.0,0.0,0.0,0.0,APPROVE,No material fraud signals
T000193,C0021,0.0,0.0,0.0,0.0,APPROVE,No material fraud signals
T000194,C0015,0.0,0.0,0.0,0.0,APPROVE,No material fraud signals
T000195,C0026,0.0,72.06,0.0,18.02,APPROVE,Signals: anomalies
T000196,C0000,78.0,0.0,0.0,39.0,APPROVE,Signals: rules
T000197,C0095,0.0,0.0,0.0,0.0,APPROVE,No material fraud signals
T000198,C0006,0.0,0.0,0.0,0.0,APPROVE,No material fraud signals
T000199,C0057,0.0,0.0,0.0,0.0,APPROVE,No material fraud signals
T000200,C0120,0.0,0.0,0.0,0.0,APPROVE,No material fraud signals
T000201,C0005,0.0,0.0,0.0,0.0,APPROVE,No material fraud signals
T000202,C0032,0.0,0.0,0.0,0.0,APPROVE,No material fraud signals
T000203,C0030,0.0,0.0,0.0,0.0,APPROVE,No material fraud signals
T000204,C0122,0.0,0.0,0.0,0.0,APPROVE,No material fraud signals
T000205,C0013,0.0,0.0,0.0,0.0,APPROVE,No material fraud signals
T000206,C0023,0.0,0.0,0.0,0.0,APPROVE,No material fraud signals
T000207,C0042,0.0,0.0,0.0,0.0,APPROVE,No material fraud signals
T000208,C0035,0.0,0.0,0.0,0.0,APPROVE,No material fraud signals
T000209,C0022,0.0,0.0,0.0,0.0,APPROVE,No material fraud signals
T000210,C0046,0.0,0.0,0.0,0.0,APPROVE,No material fraud signals
T000211,C0118,0.0,0.0,0.0,0.0,APPROVE,No material fraud signals
T000212,C0076,0.0,0.0,0.0,0.0,APPROVE,No material fraud signals
T000213,C0062,0.0,0.0,0.0,0.0,APPROVE,No material fraud signals
T000214,C0066,0.0,0.0,0.0,0.0,APPROVE,No material fraud signals
T000215,C0114,0.0,0.0,0.0,0.0,APPROVE,No material fraud signals
T000216,C0018,0.0,0.0,0.0,0.0,APPROVE,No material fraud signals
T000217,C0119,0.0,0.0,0.0,0.0,APPROVE,No material fraud signals
T000218,C0017,0.0,0.0,0.0,0.0,APPROVE,No material fraud signals
T000219,C0080,0.0,0.0,0.0,0.0,APPROVE,No material fraud signals
T000220,C0014,0.0,0.0,0.0,0.0,APPROVE,No material fraud signals
T000221,C0082,0.0,0.0,0.0,0.0,APPROVE,No material fraud signals
T000222,C0015,0.0,0.0,0.0,0.0,APPROVE,No material fraud signals
T000223,C0020,0.0,0.0,0.0,0.0,APPROVE,No material fraud signals
T000224,C0011,0.0,0.0,0.0,0.0,APPROVE,No material fraud signals
T000225,C0100,0.0,0.0,0.0,0.0,APPROVE,No material fraud signals
T000226,C0033,0.0,0.0,0.0,0.0,APPROVE,No material fraud signals
T000227,C0116,0.0,0.0,0.0,0.0,APPROVE,No material fraud signals
T000228,C0067,0.0,0.0,0.0,0.0,APPROVE,No material fraud signals
T000229,C0089,0.0,0.0,0.0,0.0,APPROVE,No material fraud signals
T000230,C0008,0.0,0.0,0.0,0.0,APPROVE,No material fraud signals
T000231,C0095,0.0,0.0,0.0,0.0,APPROVE,No material fraud signals
T000232,C0111,0.0,0.0,0.0,0.0,APPROVE,No material fraud signals
T000233,C0015,0.0,0.0,0.0,0.0,APPROVE,No material fraud signals
T000234,C0097,0.0,0.0,0.0,0.0,APPROVE,No material fraud signals
T000235,C0109,0.0,0.0,0.0,0.0,APPROVE,No material fraud signals
T000236,C0069,0.0,0.0,0.0,0.0,APPROVE,No material fraud signals
T000237,C0103,0.0,0.0,0.0,0.0,APPROVE,No material fraud signals
T000238,C0064,0.0,0.0,0.0,0.0,APPROVE,No material fraud signals
T000239,C0112,0.0,0.0,0.0,0.0,APPROVE,No material fraud signals
T000240,C0066,0.0,0.0,0.0,0.0,APPROVE,No material fraud signals
T000241,C0096,0.0,0.0,0.0,0.0,APPROVE,No material fraud signals
T000242,C0110,0.0,0.0,0.0,0.0,APPROVE,No material fraud signals
T000243,C0003,0.0,0.0,0.0,0.0,APPROVE,No material fraud signals
T000244,C0019,0.0,0.0,0.0,0.0,APPROVE,No material fraud signals
T000245,C0011,0.0,0.0,0.0,0.0,APPROVE,No material fraud signals
T000246,C0088,0.0,0.0,0.0,0.0,APPROVE,No material fraud signals
T000247,C0042,0.0,0.0,0.0,0.0,APPROVE,No material fraud signals
T000248,C0112,0.0,0.0,0.0,0.0,APPROVE,No material fraud signals
T000249,C0035,0.0,0.0,0.0,0.0,APPROVE,No material fraud signals
T000250,C0030,0.0,0.0,0.0,0.0,APPROVE,No material fraud signals
T000251,C0119,0.0,0.0,0.0,0.0,APPROVE,No material fraud signals
T000252,C0030,0.0,0.0,0.0,0.0,APPROVE,No material fraud signals
T000253,C0101,0.0,0.0,0.0,0.0,APPROVE,No material fraud signals
T000254,C0065,0.0,0.0,0.0,0.0,APPROVE,No material fraud signals
T000255,C0111,0.0,0.0,0.0,0.0,APPROVE,No material fraud signals
T000256,C0066,0.0,0.0,0.0,0.0,APPROVE,No material fraud signals
T000257,C0049,0.0,0.0,0.0,0.0,APPROVE,No material fraud signals
T000258,C0025,0.0,0.0,0.0,0.0,APPROVE,No material fraud signals
T000259,C0049,0.0,0.0,0.0,0.0,APPROVE,No material fraud signals
T000260,C0109,0.0,0.0,0.0,0.0,APPROVE,No material fraud signals
T000261,C0051,85.0,65.92,0.0,58.98,REVIEW,"Signals: rules, anomalies"
T000262,C0083,0.0,0.0,0.0,0.0,APPROVE,No material fraud signals
T000263,C0082,0.0,0.0,0.0,0.0,APPROVE,No material fraud signals
T000264,C0097,0.0,0.0,0.0,0.0,APPROVE,No material fraud signals
T000265,C0081,0.0,0.0,0.0,0.0,APPROVE,No material fraud signals
T000266,C0071,0.0,0.0,0.0,0.0,APPROVE,No material fraud signals
T000267,C0027,0.0,0.0,0.0,0.0,APPROVE,No material fraud signals
T000268,C0120,0.0,0.0,0.0,0.0,APPROVE,No material fraud signals
T000269,C0070,0.0,0.0,0.0,0.0,APPROVE,No material fraud signals
T000270,C0010,0.0,0.0,0.0,0.0,APPROVE,No material fraud signals
T000271,C0087,0.0,0.0,0.0,0.0,APPROVE,No material fraud signals
T000272,C0059,0.0,0.0,0.0,0.0,APPROVE,No material fraud signals
T000273,C0046,0.0,0.0,0.0,0.0,APPROVE,No material fraud signals
T000274,C0047,0.0,0.0,0.0,0.0,APPROVE,No material fraud signals
T000275,C0031,0.0,0.0,0.0,0.0,APPROVE,No material fraud signals
T000276,C0026,0.0,0.0,0.0,0.0,APPROVE,No material fraud signals
T000277,C0022,0.0,0.0,0.0,0.0,APPROVE,No material fraud signals
T000278,C0096,0.0,0.0,0.0,0.0,APPROVE,No material fraud signals
T000279,C0025,0.0,0.0,0.0,0.0,APPROVE,No material fraud signals
T000280,C0040,0.0,0.0,0.0,0.0,APPROVE,No material fraud signals
T000281,C0041,0.0,0.0,0.0,0.0,APPROVE,No material fraud signals
T000282,C0095,0.0,0.0,0.0,0.0,APPROVE,No material fraud signals
T000283,C0023,0.0,0.0,0.0,0.0,APPROVE,No material fraud signals
T000284,C0005,0.0,0.0,0.0,0.0,APPROVE,No material fraud signals
T000285,C0124,0.0,0.0,0.0,0.0,APPROVE,No material fraud signals
T000286,C0037,0.0,0.0,0.0,0.0,APPROVE,No material fraud signals
T000287,C0015,0.0,0.0,0.0,0.0,APPROVE,No material fraud signals
T000288,C0037,0.0,0.0,0.0,0.0,APPROVE,No material fraud signals
T000289,C0063,0.0,0.0,0.0,0.0,APPROVE,No material fraud signals
T000290,C0071,0.0,0.0,0.0,0.0,APPROVE,No material fraud signals
T000291,C0069,0.0,0.0,0.0,0.0,APPROVE,No material fraud signals
T000292,C0026,0.0,0.0,0.0,0.0,APPROVE,No material fraud signals
T000293,C0076,0.0,0.0,0.0,0.0,APPROVE,No material fraud signals
T000294,C0017,0.0,0.0,0.0,0.0,APPROVE,No material fraud signals
T000295,C0012,0.0,0.0,0.0,0.0,APPROVE,No material fraud signals
T000296,C0016,0.0,0.0,0.0,0.0,APPROVE,No material fraud signals
T000297,C0118,0.0,0.0,0.0,0.0,APPROVE,No material fraud signals
T000298,C0009,0.0,0.0,0.0,0.0,APPROVE,No material fraud signals
T000299,C0017,0.0,0.0,0.0,0.0,APPROVE,No material fraud signals
T000300,C0040,0.0,0.0,0.0,0.0,APPROVE,No material fraud signals
T000301,C0052,0.0,0.0,0.0,0.0,APPROVE,No material fraud signals
T000302,C0119,0.0,0.0,0.0,0.0,APPROVE,No material fraud signals
T000303,C0025,0.0,0.0,0.0,0.0,APPROVE,No material fraud signals
T000304,C0092,0.0,0.0,0.0,0.0,APPROVE,No material fraud signals
T000305,C0116,0.0,0.0,0.0,0.0,APPROVE,No material fraud signals
T000306,C0030,0.0,0.0,0.0,0.0,APPROVE,No material fraud signals
T000307,C0019,0.0,0.0,0.0,0.0,APPROVE,No material fraud signals
T000308,C0014,0.0,0.0,0.0,0.0,APPROVE,No material fraud signals
T000309,C0039,0.0,0.0,0.0,0.0,APPROVE,No material fraud signals
T000310,C0055,0.0,0.0,0.0,0.0,APPROVE,No material fraud signals
T000311,C0037,0.0,0.0,0.0,0.0,APPROVE,No material fraud signals
T000312,C0054,0.0,0.0,0.0,0.0,APPROVE,No material fraud signals
T000313,C0086,0.0,0.0,0.0,0.0,APPROVE,No material fraud signals
T000314,C0109,0.0,0.0,0.0,0.0,APPROVE,No material fraud signals
T000315,C0029,0.0,0.0,0.0,0.0,APPROVE,No material fraud signals
T000316,C0019,0.0,0.0,0.0,0.0,APPROVE,No material fraud signals
T000317,C0123,0.0,0.0,0.0,0.0,APPROVE,No material fraud signals
T000318,C0045,0.0,0.0,0.0,0.0,APPROVE,No material fraud signals
T000319,C0000,0.0,0.0,0.0,0.0,APPROVE,No material fraud signals
T000320,C0091,0.0,0.0,0.0,0.0,APPROVE,No material fraud signals
T000321,C0055,0.0,0.0,0.0,0.0,APPROVE,No material fraud signals
T000322,C0042,0.0,0.0,0.0,0.0,APPROVE,No material fraud signals
T000323,C0036,0.0,0.0,0.0,0.0,APPROVE,No material fraud signals
T000324,C0052,0.0,0.0,0.0,0.0,APPROVE,No material fraud signals
T000325,C0062,0.0,0.0,0.0,0.0,APPROVE,No material fraud signals
T000326,C0076,0.0,0.0,0.0,0.0,APPROVE,No material fraud signals
T000327,C0084,0.0,0.0,0.0,0.0,APPROVE,No material fraud signals
T000328,C0020,0.0,0.0,0.0,0.0,APPROVE,No material fraud signals
T000329,C0110,0.0,0.0,0.0,0.0,APPROVE,No material fraud signals
T000330,C0035,0.0,0.0,0.0,0.0,APPROVE,No material fraud signals
T000331,C0075,0.0,0.0,0.0,0.0,APPROVE,No material fraud signals
T000332,C0124,0.0,0.0,0.0,0.0,APPROVE,No material fraud signals
T000333,C0093,0.0,0.0,0.0,0.0,APPROVE,No material fraud signals
T000334,C0093,0.0,0.0,0.0,0.0,APPROVE,No material fraud signals
T000335,C0124,0.0,0.0,0.0,0.0,APPROVE,No material fraud signals
T000336,C0116,0.0,0.0,0.0,0.0,APPROVE,No material fraud signals
T000337,C0114,0.0,0.0,0.0,0.0,APPROVE,No material fraud signals
T000338,C0034,0.0,0.0,0.0,0.0,APPROVE,No material fraud signals
T000339,C0013,0.0,0.0,0.0,0.0,APPROVE,No material fraud signals
T000340,C0066,0.0,0.0,0.0,0.0,APPROVE,No material fraud signals
T000341,C0053,0.0,0.0,0.0,0.0,APPROVE,No material fraud signals
T000342,C0019,0.0,0.0,0.0,0.0,APPROVE,No material fraud signals
T000343,C0052,0.0,0.0,0.0,0.0,APPROVE,No material fraud signals
T000344,C0098,0.0,58.99,0.0,14.75,APPROVE,Signals: anomalies
T000345,C0053,0.0,0.0,0.0,0.0,APPROVE,No material fraud signals
T000346,C0077,0.0,0.0,0.0,0.0,APPROVE,No material fraud signals
T000347,C0053,0.0,0.0,0.0,0.0,APPROVE,No material fraud signals
T000348,C0110,0.0,0.0,0.0,0.0,APPROVE,No material fraud signals
T000349,C0073,0.0,0.0,0.0,0.0,APPROVE,No material fraud signals
T000350,C0120,0.0,0.0,0.0,0.0,APPROVE,No material fraud signals
T000351,C0031,0.0,0.0,0.0,0.0,APPROVE,No material fraud signals
T000352,C0089,0.0,0.0,0.0,0.0,APPROVE,No material fraud signals
T000353,C0046,0.0,0.0,0.0,0.0,APPROVE,No material fraud signals
T000354,C0007,0.0,0.0,0.0,0.0,APPROVE,No material fraud signals
T000355,C0102,0.0,74.62,0.0,18.66,APPROVE,Signals: anomalies
T000356,C0052,0.0,0.0,0.0,0.0,APPROVE,No material fraud signals
T000357,C0002,0.0,0.0,0.0,0.0,APPROVE,No material fraud signals
T000358,C0025,0.0,0.0,0.0,0.0,APPROVE,No material fraud signals
T000359,C0070,0.0,0.0,0.0,0.0,APPROVE,No material fraud signals
T000360,C0079,0.0,0.0,0.0,0.0,APPROVE,No material fraud signals
T000361,C0040,0.0,0.0,0.0,0.0,APPROVE,No material fraud signals
T000362,C0085,0.0,0.0,0.0,0.0,APPROVE,No material fraud signals
T000363,C0046,0.0,0.0,0.0,0.0,APPROVE,No material fraud signals
T000364,C0032,0.0,0.0,0.0,0.0,APPROVE,No material fraud signals
T000365,C0027,0.0,0.0,0.0,0.0,APPROVE,No material fraud signals
T000366,C0102,0.0,0.0,0.0,0.0,APPROVE,No material fraud signals
T000367,C0089,0.0,0.0,0.0,0.0,APPROVE,No material fraud signals
T000368,C0017,0.0,0.0,0.0,0.0,APPROVE,No material fraud signals
T000369,C0094,0.0,0.0,0.0,0.0,APPROVE,No material fraud signals
T000370,C0102,0.0,0.0,0.0,0.0,APPROVE,No material fraud signals
T000371,C0096,0.0,0.0,0.0,0.0,APPROVE,No material fraud signals
T000372,C0067,0.0,0.0,0.0,0.0,APPROVE,No material fraud signals
T000373,C0032,0.0,0.0,0.0,0.0,APPROVE,No material fraud signals
T000374,C0022,0.0,0.0,0.0,0.0,APPROVE,No material fraud signals
T000375,C0089,0.0,0.0,0.0,0.0,APPROVE,No material fraud signals
T000376,C0086,0.0,0.0,0.0,0.0,APPROVE,No material fraud signals
T000377,C0123,0.0,0.0,0.0,0.0,APPROVE,No material fraud signals
T000378,C0081,0.0,0.0,0.0,0.0,APPROVE,No material fraud signals
T000379,C0058,0.0,0.0,0.0,0.0,APPROVE,No material fraud signals
T000380,C0011,0.0,0.0,0.0,0.0,APPROVE,No material fraud signals
T000381,C0023,0.0,0.0,0.0,0.0,APPROVE,No material fraud signals
T000382,C0070,0.0,0.0,0.0,0.0,APPROVE,No material fraud signals
T000383,C0091,0.0,0.0,0.0,0.0,APPROVE,No material fraud signals
T000384,C0044,0.0,0.0,0.0,0.0,APPROVE,No material fraud signals
T000385,C0055,0.0,0.0,0.0,0.0,APPROVE,No material fraud signals
T000386,C0089,0.0,0.0,0.0,0.0,APPROVE,No material fraud signals
T000387,C0053,0.0,0.0,0.0,0.0,APPROVE,No material fraud signals
T000388,C0035,0.0,0.0,0.0,0.0,APPROVE,No material fraud signals
T000389,C0050,0.0,0.0,0.0,0.0,APPROVE,No material fraud signals
T000390,C0110,0.0,0.0,0.0,0.0,APPROVE,No material fraud signals
T000391,C0104,0.0,0.0,0.0,0.0,APPROVE,No material fraud signals
T000392,C0054,0.0,0.0,0.0,0.0,APPROVE,No material fraud signals
T000393,C0077,0.0,0.0,0.0,0.0,APPROVE,No material fraud signals
T000394,C0039,0.0,0.0,0.0,0.0,APPROVE,No material fraud signals
T000395,C0059,0.0,0.0,0.0,0.0,APPROVE,No material fraud signals
T000396,C0009,0.0,0.0,0.0,0.0,APPROVE,No material fraud signals
T000397,C0007,0.0,0.0,0.0,0.0,APPROVE,No material fraud signals
T000398,C0006,0.0,0.0,0.0,0.0,APPROVE,No material fraud signals
T000399,C0020,0.0,0.0,0.0,0.0,APPROVE,No material fraud signals
T000400,C0031,0.0,0.0,0.0,0.0,APPROVE,No material fraud signals
T000401,C0110,0.0,0.0,0.0,0.0,APPROVE,No material fraud signals
T000402,C0051,0.0,0.0,0.0,0.0,APPROVE,No material fraud signals
T000403,C0021,0.0,0.0,0.0,0.0,APPROVE,No material fraud signals
T000404,C0007,0.0,0.0,0.0,0.0,APPROVE,No material fraud signals
T000405,C0084,0.0,0.0,0.0,0.0,APPROVE,No material fraud signals
T000406,C0089,0.0,0.0,0.0,0.0,APPROVE,No material fraud signals
T000407,C0096,0.0,0.0,0.0,0.0,APPROVE,No material fraud signals
T000408,C0057,0.0,56.63,0.0,14.16,APPROVE,Signals: anomalies
T000409,C0042,0.0,0.0,0.0,0.0,APPROVE,No material fraud signals
T000410,C0034,0.0,0.0,0.0,0.0,APPROVE,No material fraud signals
T000411,C0099,0.0,0.0,0.0,0.0,APPROVE,No material fraud signals
T000412,C0120,0.0,0.0,0.0,0.0,APPROVE,No material fraud signals
T000413,C0027,0.0,0.0,0.0,0.0,APPROVE,No material fraud signals
T000414,C0055,0.0,0.0,0.0,0.0,APPROVE,No material fraud signals
T000415,C0048,0.0,0.0,0.0,0.0,APPROVE,No material fraud signals
T000416,C0000,0.0,0.0,0.0,0.0,APPROVE,No material fraud signals
T000417,C0007,0.0,0.0,0.0,0.0,APPROVE,No material fraud signals
T000418,C0008,0.0,0.0,0.0,0.0,APPROVE,No material fraud signals
T000419,C0015,0.0,0.0,0.0,0.0,APPROVE,No material fraud signals
T000420,C0073,0.0,0.0,0.0,0.0,APPROVE,No material fraud signals
T000421,C0111,0.0,0.0,0.0,0.0,APPROVE,No material fraud signals
T000422,C0014,0.0,0.0,0.0,0.0,APPROVE,No material fraud signals
T000423,C0065,0.0,0.0,0.0,0.0,APPROVE,No material fraud signals
T000424,C0067,0.0,0.0,0.0,0.0,APPROVE,No material fraud signals
T000425,C0094,0.0,0.0,0.0,0.0,APPROVE,No material fraud signals
T000426,C0059,0.0,0.0,0.0,0.0,APPROVE,No material fraud signals
T000427,C0032,0.0,0.0,0.0,0.0,APPROVE,No material fraud signals
T000428,C0028,0.0,0.0,0.0,0.0,APPROVE,No material fraud signals
T000429,C0103,0.0,0.0,0.0,0.0,APPROVE,No material fraud signals
T000430,C0019,0.0,0.0,0.0,0.0,APPROVE,No material fraud signals
T000431,C0071,0.0,0.0,0.0,0.0,APPROVE,No material fraud signals
T000432,C0005,0.0,0.0,0.0,0.0,APPROVE,No material fraud signals
T000433,C0082,0.0,0.0,0.0,0.0,APPROVE,No material fraud signals
T000434,C0067,0.0,0.0,0.0,0.0,APPROVE,No material fraud signals
T000435,C0035,0.0,0.0,0.0,0.0,APPROVE,No material fraud signals
T000436,C0033,0.0,0.0,0.0,0.0,APPROVE,No material fraud signals
T000437,C0057,0.0,0.0,0.0,0.0,APPROVE,No material fraud signals
T000438,C0121,0.0,0.0,0.0,0.0,APPROVE,No material fraud signals
T000439,C0010,0.0,0.0,0.0,0.0,APPROVE,No material fraud signals
T000440,C0068,0.0,0.0,0.0,0.0,APPROVE,No material fraud signals
T000441,C0012,0.0,0.0,0.0,0.0,APPROVE,No material fraud signals
T000442,C0090,0.0,0.0,0.0,0.0,APPROVE,No material fraud signals
T000443,C0049,0.0,0.0,0.0,0.0,APPROVE,No material fraud signals
T000444,C0094,0.0,0.0,0.0,0.0,APPROVE,No material fraud signals
T000445,C0038,0.0,0.0,0.0,0.0,APPROVE,No material fraud signals
T000446,C0067,0.0,0.0,0.0,0.0,APPROVE,No material fraud signals
T000447,C0050,0.0,0.0,0.0,0.0,APPROVE,No material fraud signals
T000448,C0115,0.0,0.0,0.0,0.0,APPROVE,No material fraud signals
T000449,C0053,0.0,0.0,0.0,0.0,APPROVE,No material fraud signals
T000450,C0055,0.0,0.0,0.0,0.0,APPROVE,No material fraud signals
T000451,C0041,0.0,0.0,0.0,0.0,APPROVE,No material fraud signals
T000452,C0042,0.0,0.0,0.0,0.0,APPROVE,No material fraud signals
T000453,C0124,0.0,0.0,0.0,0.0,APPROVE,No material fraud signals
T000454,C0098,0.0,0.0,0.0,0.0,APPROVE,No material fraud signals
T000455,C0056,0.0,0.0,0.0,0.0,APPROVE,No material fraud signals
T000456,C0124,0.0,0.0,0.0,0.0,APPROVE,No material fraud signals
T000457,C0109,0.0,0.0,0.0,0.0,APPROVE,No material fraud signals
T000458,C0096,0.0,0.0,0.0,0.0,APPROVE,No material fraud signals
T000459,C0050,0.0,0.0,0.0,0.0,APPROVE,No material fraud signals
T000460,C0010,0.0,0.0,0.0,0.0,APPROVE,No material fraud signals
T000461,C0024,0.0,0.0,0.0,0.0,APPROVE,No material fraud signals
T000462,C0008,0.0,0.0,0.0,0.0,APPROVE,No material fraud signals
T000463,C0029,0.0,69.11,0.0,17.28,APPROVE,Signals: anomalies
T000464,C0097,0.0,0.0,0.0,0.0,APPROVE,No material fraud signals
T000465,C0003,0.0,0.0,0.0,0.0,APPROVE,No material fraud signals
T000466,C0062,0.0,0.0,0.0,0.0,APPROVE,No material fraud signals
T000467,C0005,0.0,0.0,0.0,0.0,APPROVE,No material fraud signals
T000468,C0096,0.0,0.0,0.0,0.0,APPROVE,No material fraud signals
T000469,C0043,0.0,0.0,0.0,0.0,APPROVE,No material fraud signals
T000470,C0055,0.0,0.0,0.0,0.0,APPROVE,No material fraud signals
T000471,C0101,0.0,0.0,0.0,0.0,APPROVE,No material fraud signals
T000472,C0082,0.0,0.0,0.0,0.0,APPROVE,No material fraud signals
T000473,C0034,0.0,0.0,0.0,0.0,APPROVE,No material fraud signals
T000474,C0074,0.0,0.0,0.0,0.0,APPROVE,No material fraud signals
T000475,C0001,0.0,0.0,0.0,0.0,APPROVE,No material fraud signals
T000476,C0093,0.0,72.51,0.0,18.13,APPROVE,Signals: anomalies
T000477,C0057,0.0,0.0,0.0,0.0,APPROVE,No material fraud signals
T000478,C0074,0.0,0.0,0.0,0.0,APPROVE,No material fraud signals
T000479,C0073,0.0,0.0,0.0,0.0,APPROVE,No material fraud signals
T000480,C0044,0.0,0.0,0.0,0.0,APPROVE,No material fraud signals
T000481,C0059,0.0,0.0,0.0,0.0,APPROVE,No material fraud signals
T000482,C0099,0.0,0.0,0.0,0.0,APPROVE,No material fraud signals
T000483,C0056,0.0,0.0,0.0,0.0,APPROVE,No material fraud signals
T000484,C0093,0.0,0.0,0.0,0.0,APPROVE,No material fraud signals
T000485,C0106,0.0,69.91,0.0,17.48,APPROVE,Signals: anomalies
T000486,C0031,0.0,0.0,0.0,0.0,APPROVE,No material fraud signals
T000487,C0074,0.0,0.0,0.0,0.0,APPROVE,No material fraud signals
T000488,C0077,0.0,0.0,0.0,0.0,APPROVE,No material fraud signals
T000489,C0089,0.0,0.0,0.0,0.0,APPROVE,No material fraud signals
T000490,C0077,0.0,0.0,0.0,0.0,APPROVE,No material fraud signals
T000491,C0058,0.0,0.0,0.0,0.0,APPROVE,No material fraud signals
T000492,C0041,0.0,0.0,0.0,0.0,APPROVE,No material fraud signals
T000493,C0114,0.0,0.0,0.0,0.0,APPROVE,No material fraud signals
T000494,C0020,0.0,0.0,0.0,0.0,APPROVE,No material fraud signals
T000495,C0025,0.0,0.0,0.0,0.0,APPROVE,No material fraud signals
T000496,C0104,0.0,0.0,0.0,0.0,APPROVE,No material fraud signals
T000497,C0106,0.0,0.0,0.0,0.0,APPROVE,No material fraud signals
T000498,C0110,0.0,0.0,0.0,0.0,APPROVE,No material fraud signals
T000499,C0120,0.0,0.0,0.0,0.0,APPROVE,No material fraud signals
T000500,C0034,0.0,0.0,0.0,0.0,APPROVE,No material fraud signals
T000501,C0115,0.0,0.0,0.0,0.0,APPROVE,No material fraud signals
T000502,C0074,0.0,0.0,0.0,0.0,APPROVE,No material fraud signals
T000503,C0072,0.0,0.0,0.0,0.0,APPROVE,No material fraud signals
T000504,C0051,0.0,0.0,0.0,0.0,APPROVE,No material fraud signals
T000505,C0070,0.0,0.0,0.0,0.0,APPROVE,No material fraud signals
T000506,C0043,0.0,0.0,0.0,0.0,APPROVE,No material fraud signals
T000507,C0063,0.0,0.0,0.0,0.0,APPROVE,No material fraud signals
T000508,C0063,0.0,0.0,0.0,0.0,APPROVE,No material fraud signals
T000509,C0006,0.0,0.0,0.0,0.0,APPROVE,No material fraud signals
T000510,C0104,0.0,0.0,0.0,0.0,APPROVE,No material fraud signals
T000511,C0007,0.0,0.0,0.0,0.0,APPROVE,No material fraud signals
T000512,C0051,0.0,0.0,0.0,0.0,APPROVE,No material fraud signals
T000513,C0117,0.0,0.0,0.0,0.0,APPROVE,No material fraud signals
T000514,C0082,0.0,0.0,0.0,0.0,APPROVE,No material fraud signals
T000515,C0093,0.0,0.0,0.0,0.0,APPROVE,No material fraud signals
T000516,C0043,0.0,0.0,0.0,0.0,APPROVE,No material fraud signals
T000517,C0006,0.0,0.0,0.0,0.0,APPROVE,No material fraud signals
T000518,C0056,0.0,0.0,0.0,0.0,APPROVE,No material fraud signals
T000519,C0099,0.0,0.0,0.0,0.0,APPROVE,No material fraud signals
T000520,C0050,0.0,0.0,0.0,0.0,APPROVE,No material fraud signals
T000521,C0013,0.0,0.0,0.0,0.0,APPROVE,No material fraud signals
T000522,C0081,0.0,0.0,0.0,0.0,APPROVE,No material fraud signals
T000523,C0053,0.0,0.0,0.0,0.0,APPROVE,No material fraud signals
T000524,C0016,0.0,0.0,0.0,0.0,APPROVE,No material fraud signals
T000525,C0072,0.0,0.0,0.0,0.0,APPROVE,No material fraud signals
T000526,C0098,0.0,0.0,0.0,0.0,APPROVE,No material fraud signals
T000527,C0035,0.0,66.84,0.0,16.71,APPROVE,Signals: anomalies
T000528,C0044,85.0,64.4,0.0,58.6,REVIEW,"Signals: rules, anomalies"
T000529,C0016,0.0,0.0,0.0,0.0,APPROVE,No material fraud signals
T000530,C0005,0.0,0.0,0.0,0.0,APPROVE,No material fraud signals
T000531,C0035,0.0,0.0,0.0,0.0,APPROVE,No material fraud signals
T000532,C0106,0.0,0.0,0.0,0.0,APPROVE,No material fraud signals
T000533,C0094,0.0,0.0,0.0,0.0,APPROVE,No material fraud signals
T000534,C0080,0.0,0.0,0.0,0.0,APPROVE,No material fraud signals
T000535,C0102,0.0,0.0,0.0,0.0,APPROVE,No material fraud signals
T000536,C0103,0.0,0.0,0.0,0.0,APPROVE,No material fraud signals
T000537,C0036,0.0,0.0,0.0,0.0,APPROVE,No material fraud signals
T000538,C0085,0.0,0.0,0.0,0.0,APPROVE,No material fraud signals
T000539,C0094,0.0,0.0,0.0,0.0,APPROVE,No material fraud signals
T000540,C0058,0.0,0.0,0.0,0.0,APPROVE,No material fraud signals
T000541,C0016,0.0,0.0,0.0,0.0,APPROVE,No material fraud signals
T000542,C0091,0.0,0.0,0.0,0.0,APPROVE,No material fraud signals
T000543,C0120,0.0,0.0,0.0,0.0,APPROVE,No material fraud signals
T000544,C0119,0.0,0.0,0.0,0.0,APPROVE,No material fraud signals
T000545,C0013,0.0,0.0,0.0,0.0,APPROVE,No material fraud signals
T000546,C0079,0.0,0.0,0.0,0.0,APPROVE,No material fraud signals
T000547,C0094,0.0,0.0,0.0,0.0,APPROVE,No material fraud signals
T000548,C0017,0.0,0.0,0.0,0.0,APPROVE,No material fraud signals
T000549,C0120,0.0,0.0,0.0,0.0,APPROVE,No material fraud signals
T000550,C0003,0.0,0.0,0.0,0.0,APPROVE,No material fraud signals
T000551,C0025,0.0,0.0,0.0,0.0,APPROVE,No material fraud signals
T000552,C0006,0.0,0.0,0.0,0.0,APPROVE,No material fraud signals
T000553,C0104,0.0,0.0,0.0,0.0,APPROVE,No material fraud signals
T000554,C0120,0.0,0.0,0.0,0.0,APPROVE,No material fraud signals
T000555,C0111,0.0,0.0,0.0,0.0,APPROVE,No material fraud signals
T000556,C0041,0.0,0.0,0.0,0.0,APPROVE,No material fraud signals
T000557,C0092,0.0,0.0,0.0,0.0,APPROVE,No material fraud signals
T000558,C0016,0.0,0.0,0.0,0.0,APPROVE,No material fraud signals
T000559,C0089,0.0,0.0,0.0,0.0,APPROVE,No material fraud signals
T000560,C0114,0.0,0.0,0.0,0.0,APPROVE,No material fraud signals
T000561,C0056,0.0,0.0,0.0,0.0,APPROVE,No material fraud signals
T000562,C0005,0.0,0.0,0.0,0.0,APPROVE,No material fraud signals
T000563,C0008,0.0,0.0,0.0,0.0,APPROVE,No material fraud signals
T000564,C0007,0.0,0.0,0.0,0.0,APPROVE,No material fraud signals
T000565,C0088,0.0,0.0,0.0,0.0,APPROVE,No material fraud signals
T000566,C0103,0.0,0.0,0.0,0.0,APPROVE,No material fraud signals
T000567,C0036,0.0,0.0,0.0,0.0,APPROVE,No material fraud signals
T000568,C0016,0.0,0.0,0.0,0.0,APPROVE,No material fraud signals
T000569,C0045,0.0,0.0,0.0,0.0,APPROVE,No material fraud signals
T000570,C0093,0.0,0.0,0.0,0.0,APPROVE,No material fraud signals
T000571,C0068,0.0,0.0,0.0,0.0,APPROVE,No material fraud signals
T000572,C0043,0.0,0.0,0.0,0.0,APPROVE,No material fraud signals
T000573,C0077,0.0,0.0,0.0,0.0,APPROVE,No material fraud signals
T000574,C0121,0.0,0.0,0.0,0.0,APPROVE,No material fraud signals
T000575,C0081,0.0,0.0,0.0,0.0,APPROVE,No material fraud signals
T000576,C0113,0.0,0.0,0.0,0.0,APPROVE,No material fraud signals
T000577,C0063,0.0,0.0,0.0,0.0,APPROVE,No material fraud signals
T000578,C0010,0.0,0.0,0.0,0.0,APPROVE,No material fraud signals
T000579,C0116,0.0,0.0,0.0,0.0,APPROVE,No material fraud signals
T000580,C0122,0.0,0.0,0.0,0.0,APPROVE,No material fraud signals
T000581,C0124,0.0,0.0,0.0,0.0,APPROVE,No material fraud signals
T000582,C0094,0.0,0.0,0.0,0.0,APPROVE,No material fraud signals
T000583,C0113,0.0,0.0,0.0,0.0,APPROVE,No material fraud signals
T000584,C0096,0.0,0.0,0.0,0.0,APPROVE,No material fraud signals
T000585,C0065,0.0,0.0,0.0,0.0,APPROVE,No material fraud signals
T000586,C0056,0.0,0.0,0.0,0.0,APPROVE,No material fraud signals
T000587,C0037,0.0,0.0,0.0,0.0,APPROVE,No material fraud signals
T000588,C0047,0.0,0.0,0.0,0.0,APPROVE,No material fraud signals
T000589,C0098,0.0,0.0,0.0,0.0,APPROVE,No material fraud signals
T000590,C0116,85.0,74.24,0.0,61.06,REVIEW,"Signals: rules, anomalies"
T000591,C0103,0.0,0.0,0.0,0.0,APPROVE,No material fraud signals
T000592,C0068,0.0,0.0,0.0,0.0,APPROVE,No material fraud signals
T000593,C0119,0.0,0.0,0.0,0.0,APPROVE,No material fraud signals
T000594,C0066,0.0,0.0,0.0,0.0,APPROVE,No material fraud signals
T000595,C0104,0.0,0.0,0.0,0.0,APPROVE,No material fraud signals
T000596,C0089,0.0,93.56,0.0,23.39,APPROVE,Signals: anomalies
T000597,C0097,0.0,0.0,0.0,0.0,APPROVE,No material fraud signals
T000598,C0091,0.0,0.0,0.0,0.0,APPROVE,No material fraud signals
T000599,C0070,0.0,0.0,0.0,0.0,APPROVE,No material fraud signals
T000600,C0004,0.0,0.0,0.0,0.0,APPROVE,No material fraud signals
T000601,C0005,0.0,0.0,0.0,0.0,APPROVE,No material fraud signals
T000602,C0062,0.0,0.0,0.0,0.0,APPROVE,No material fraud signals
T000603,C0092,0.0,0.0,0.0,0.0,APPROVE,No material fraud signals
T000604,C0016,0.0,0.0,0.0,0.0,APPROVE,No material fraud signals
T000605,C0080,0.0,0.0,0.0,0.0,APPROVE,No material fraud signals
T000606,C0044,0.0,0.0,0.0,0.0,APPROVE,No material fraud signals
T000607,C0047,0.0,0.0,0.0,0.0,APPROVE,No material fraud signals
T000608,C0055,0.0,0.0,0.0,0.0,APPROVE,No material fraud signals
T000609,C0018,0.0,0.0,0.0,0.0,APPROVE,No material fraud signals
T000610,C0109,0.0,0.0,0.0,0.0,APPROVE,No material fraud signals
T000611,C0058,0.0,0.0,0.0,0.0,APPROVE,No material fraud signals
T000612,C0106,0.0,0.0,0.0,0.0,APPROVE,No material fraud signals
T000613,C0035,0.0,0.0,0.0,0.0,APPROVE,No material fraud signals
T000614,C0009,0.0,0.0,0.0,0.0,APPROVE,No material fraud signals
T000615,C0008,0.0,0.0,0.0,0.0,APPROVE,No material fraud signals
T000616,C0004,0.0,0.0,0.0,0.0,APPROVE,No material fraud signals
T000617,C0002,0.0,0.0,0.0,0.0,APPROVE,No material fraud signals
T000618,C0000,0.0,0.0,0.0,0.0,APPROVE,No material fraud signals
T000619,C0059,0.0,0.0,0.0,0.0,APPROVE,No material fraud signals
T000620,C0042,0.0,0.0,0.0,0.0,APPROVE,No material fraud signals
T000621,C0090,0.0,0.0,0.0,0.0,APPROVE,No material fraud signals
T000622,C0011,0.0,0.0,0.0,0.0,APPROVE,No material fraud signals
T000623,C0090,0.0,0.0,0.0,0.0,APPROVE,No material fraud signals
T000624,C0000,0.0,0.0,0.0,0.0,APPROVE,No material fraud signals
T000625,C0082,0.0,0.0,0.0,0.0,APPROVE,No material fraud signals
T000626,C0044,0.0,0.0,0.0,0.0,APPROVE,No material fraud signals
T000627,C0089,0.0,0.0,0.0,0.0,APPROVE,No material fraud signals
T000628,C0059,0.0,0.0,0.0,0.0,APPROVE,No material fraud signals
T000629,C0048,0.0,0.0,0.0,0.0,APPROVE,No material fraud signals
T000630,C0034,0.0,0.0,0.0,0.0,APPROVE,No material fraud signals
T000631,C0070,0.0,0.0,0.0,0.0,APPROVE,No material fraud signals
T000632,C0061,0.0,0.0,0.0,0.0,APPROVE,No material fraud signals
T000633,C0002,0.0,0.0,0.0,0.0,APPROVE,No material fraud signals
T000634,C0021,0.0,0.0,0.0,0.0,APPROVE,No material fraud signals
T000635,C0089,0.0,0.0,0.0,0.0,APPROVE,No material fraud signals
T000636,C0009,0.0,0.0,0.0,0.0,APPROVE,No material fraud signals
T000637,C0090,0.0,0.0,0.0,0.0,APPROVE,No material fraud signals
T000638,C0024,0.0,0.0,0.0,0.0,APPROVE,No material fraud signals
T000639,C0123,0.0,0.0,0.0,0.0,APPROVE,No material fraud signals
T000640,C0075,0.0,0.0,0.0,0.0,APPROVE,No material fraud signals
T000641,C0019,0.0,0.0,0.0,0.0,APPROVE,No material fraud signals
T000642,C0075,0.0,0.0,0.0,0.0,APPROVE,No material fraud signals
T000643,C0008,0.0,0.0,0.0,0.0,APPROVE,No material fraud signals
T000644,C0042,0.0,0.0,0.0,0.0,APPROVE,No material fraud signals
T000645,C0119,0.0,0.0,0.0,0.0,APPROVE,No material fraud signals
T000646,C0117,0.0,0.0,0.0,0.0,APPROVE,No material fraud signals
T000647,C0029,0.0,0.0,0.0,0.0,APPROVE,No material fraud signals
T000648,C0045,0.0,0.0,0.0,0.0,APPROVE,No material fraud signals
T000649,C0023,0.0,0.0,0.0,0.0,APPROVE,No material fraud signals
T000650,C0075,0.0,0.0,0.0,0.0,APPROVE,No material fraud signals
T000651,C0018,0.0,0.0,0.0,0.0,APPROVE,No material fraud signals
T000652,C0054,0.0,0.0,0.0,0.0,APPROVE,No material fraud signals
T000653,C0086,0.0,0.0,0.0,0.0,APPROVE,No material fraud signals
T000654,C0017,0.0,0.0,0.0,0.0,APPROVE,No material fraud signals
T000655,C0106,0.0,0.0,0.0,0.0,APPROVE,No material fraud signals
T000656,C0058,0.0,0.0,0.0,0.0,APPROVE,No material fraud signals
T000657,C0012,0.0,0.0,0.0,0.0,APPROVE,No material fraud signals
T000658,C0044,0.0,0.0,0.0,0.0,APPROVE,No material fraud signals
T000659,C0014,0.0,0.0,0.0,0.0,APPROVE,No material fraud signals
T000660,C0091,0.0,0.0,0.0,0.0,APPROVE,No material fraud signals
T000661,C0072,0.0,0.0,0.0,0.0,APPROVE,No material fraud signals
T000662,C0114,0.0,0.0,0.0,0.0,APPROVE,No material fraud signals
T000663,C0095,0.0,0.0,0.0,0.0,APPROVE,No material fraud signals
T000664,C0081,0.0,0.0,0.0,0.0,APPROVE,No material fraud signals
T000665,C0037,0.0,0.0,0.0,0.0,APPROVE,No material fraud signals
T000666,C0021,0.0,0.0,0.0,0.0,APPROVE,No material fraud signals
T000667,C0032,0.0,0.0,0.0,0.0,APPROVE,No material fraud signals
T000668,C0009,0.0,0.0,0.0,0.0,APPROVE,No material fraud signals
T000669,C0014,0.0,0.0,0.0,0.0,APPROVE,No material fraud signals
T000670,C0066,0.0,0.0,0.0,0.0,APPROVE,No material fraud signals
T000671,C0118,0.0,0.0,0.0,0.0,APPROVE,No material fraud signals
T000672,C0107,0.0,0.0,0.0,0.0,APPROVE,No material fraud signals
T000673,C0050,0.0,0.0,0.0,0.0,APPROVE,No material fraud signals
T000674,C0013,0.0,0.0,0.0,0.0,APPROVE,No material fraud signals
T000675,C0123,0.0,0.0,0.0,0.0,APPROVE,No material fraud signals
T000676,C0077,0.0,0.0,0.0,0.0,APPROVE,No material fraud signals
T000677,C0007,0.0,0.0,0.0,0.0,APPROVE,No material fraud signals
T000678,C0002,0.0,0.0,0.0,0.0,APPROVE,No material fraud signals
T000679,C0038,0.0,0.0,0.0,0.0,APPROVE,No material fraud signals
T000680,C0098,0.0,0.0,0.0,0.0,APPROVE,No material fraud signals
T000681,C0059,0.0,0.0,0.0,0.0,APPROVE,No material fraud signals
T000682,C0124,0.0,0.0,0.0,0.0,APPROVE,No material fraud signals
T000683,C0027,0.0,0.0,0.0,0.0,APPROVE,No material fraud signals
T000684,C0003,0.0,0.0,0.0,0.0,APPROVE,No material fraud signals
T000685,C0042,0.0,0.0,0.0,0.0,APPROVE,No material fraud signals
T000686,C0009,0.0,0.0,0.0,0.0,APPROVE,No material fraud signals
T000687,C0048,0.0,0.0,0.0,0.0,APPROVE,No material fraud signals
T000688,C0068,0.0,0.0,0.0,0.0,APPROVE,No material fraud signals
T000689,C0099,0.0,0.0,0.0,0.0,APPROVE,No material fraud signals
T000690,C0096,0.0,0.0,0.0,0.0,APPROVE,No material fraud signals
T000691,C0010,0.0,0.0,0.0,0.0,APPROVE,No material fraud signals
T000692,C0039,0.0,0.0,0.0,0.0,APPROVE,No material fraud signals
T000693,C0122,0.0,0.0,0.0,0.0,APPROVE,No material fraud signals
T000694,C0036,0.0,0.0,0.0,0.0,APPROVE,No material fraud signals
T000695,C0009,0.0,0.0,0.0,0.0,APPROVE,No material fraud signals
T000696,C0039,0.0,0.0,0.0,0.0,APPROVE,No material fraud signals
T000697,C0095,0.0,0.0,0.0,0.0,APPROVE,No material fraud signals
T000698,C0023,0.0,0.0,0.0,0.0,APPROVE,No material fraud signals
T000699,C0011,0.0,57.14,0.0,14.28,APPROVE,Signals: anomalies
T000700,C0043,0.0,0.0,0.0,0.0,APPROVE,No material fraud signals
T000701,C0052,0.0,0.0,0.0,0.0,APPROVE,No material fraud signals
T000702,C0029,0.0,0.0,0.0,0.0,APPROVE,No material fraud signals
T000703,C0044,0.0,0.0,0.0,0.0,APPROVE,No material fraud signals
T000704,C0028,0.0,0.0,0.0,0.0,APPROVE,No material fraud signals
T000705,C0100,0.0,0.0,0.0,0.0,APPROVE,No material fraud signals
T000706,C0094,0.0,0.0,0.0,0.0,APPROVE,No material fraud signals
T000707,C0104,0.0,0.0,0.0,0.0,APPROVE,No material fraud signals
T000708,C0093,0.0,0.0,0.0,0.0,APPROVE,No material fraud signals
T000709,C0075,0.0,0.0,0.0,0.0,APPROVE,No material fraud signals
T000710,C0114,0.0,0.0,0.0,0.0,APPROVE,No material fraud signals
T000711,C0110,0.0,0.0,0.0,0.0,APPROVE,No material fraud signals
T000712,C0047,0.0,0.0,0.0,0.0,APPROVE,No material fraud signals
T000713,C0078,0.0,0.0,0.0,0.0,APPROVE,No material fraud signals
T000714,C0054,0.0,0.0,0.0,0.0,APPROVE,No material fraud signals
T000715,C0096,0.0,0.0,0.0,0.0,APPROVE,No material fraud signals
T000716,C0088,0.0,0.0,0.0,0.0,APPROVE,No material fraud signals
T000717,C0071,0.0,0.0,0.0,0.0,APPROVE,No material fraud signals
T000718,C0091,0.0,0.0,0.0,0.0,APPROVE,No material fraud signals
T000719,C0104,0.0,0.0,0.0,0.0,APPROVE,No material fraud signals
T000720,C0089,0.0,0.0,0.0,0.0,APPROVE,No material fraud signals
T000721,C0115,0.0,0.0,0.0,0.0,APPROVE,No material fraud signals
T000722,C0026,0.0,0.0,0.0,0.0,APPROVE,No material fraud signals
T000723,C0024,0.0,0.0,0.0,0.0,APPROVE,No material fraud signals
T000724,C0066,0.0,0.0,0.0,0.0,APPROVE,No material fraud signals
T000725,C0050,0.0,0.0,0.0,0.0,APPROVE,No material fraud signals
T000726,C0001,0.0,0.0,0.0,0.0,APPROVE,No material fraud signals
T000727,C0049,0.0,0.0,0.0,0.0,APPROVE,No material fraud signals
T000728,C0026,0.0,0.0,0.0,0.0,APPROVE,No material fraud signals
T000729,C0077,0.0,0.0,0.0,0.0,APPROVE,No material fraud signals
T000730,C0007,0.0,0.0,0.0,0.0,APPROVE,No material fraud signals
T000731,C0084,0.0,0.0,0.0,0.0,APPROVE,No material fraud signals
T000732,C0000,0.0,0.0,0.0,0.0,APPROVE,No material fraud signals
T000733,C0123,0.0,0.0,0.0,0.0,APPROVE,No material fraud signals
T000734,C0052,0.0,0.0,0.0,0.0,APPROVE,No material fraud signals
T000735,C0026,0.0,0.0,0.0,0.0,APPROVE,No material fraud signals
T000736,C0024,0.0,0.0,0.0,0.0,APPROVE,No material fraud signals
T000737,C0024,0.0,0.0,0.0,0.0,APPROVE,No material fraud signals
T000738,C0014,0.0,0.0,0.0,0.0,APPROVE,No material fraud signals
T000739,C0050,0.0,0.0,0.0,0.0,APPROVE,No material fraud signals
T000740,C0038,0.0,0.0,0.0,0.0,APPROVE,No material fraud signals
T000741,C0122,0.0,0.0,0.0,0.0,APPROVE,No material fraud signals
T000742,C0122,0.0,0.0,0.0,0.0,APPROVE,No material fraud signals
T000743,C0026,0.0,0.0,0.0,0.0,APPROVE,No material fraud signals
T000744,C0123,0.0,55.86,0.0,13.96,APPROVE,Signals: anomalies
T000745,C0046,0.0,0.0,0.0,0.0,APPROVE,No material fraud signals
T000746,C0105,0.0,0.0,0.0,0.0,APPROVE,No material fraud signals
T000747,C0006,0.0,0.0,0.0,0.0,APPROVE,No material fraud signals
T000748,C0070,0.0,0.0,0.0,0.0,APPROVE,No material fraud signals
T000749,C0105,0.0,0.0,0.0,0.0,APPROVE,No material fraud signals
T000750,C0010,0.0,0.0,0.0,0.0,APPROVE,No material fraud signals
T000751,C0016,0.0,0.0,0.0,0.0,APPROVE,No material fraud signals
T000752,C0082,0.0,0.0,0.0,0.0,APPROVE,No material fraud signals
T000753,C0069,0.0,0.0,0.0,0.0,APPROVE,No material fraud signals
T000754,C0057,0.0,0.0,0.0,0.0,APPROVE,No material fraud signals
T000755,C0017,0.0,0.0,0.0,0.0,APPROVE,No material fraud signals
T000756,C0121,0.0,0.0,0.0,0.0,APPROVE,No material fraud signals
T000757,C0002,0.0,0.0,0.0,0.0,APPROVE,No material fraud signals
T000758,C0111,0.0,0.0,0.0,0.0,APPROVE,No material fraud signals
T000759,C0112,0.0,0.0,0.0,0.0,APPROVE,No material fraud signals
T000760,C0109,0.0,0.0,0.0,0.0,APPROVE,No material fraud signals
T000761,C0043,0.0,0.0,0.0,0.0,APPROVE,No material fraud signals
T000762,C0113,0.0,0.0,0.0,0.0,APPROVE,No material fraud signals
T000763,C0039,0.0,0.0,0.0,0.0,APPROVE,No material fraud signals
T000764,C0119,0.0,0.0,0.0,0.0,APPROVE,No material fraud signals
T000765,C0055,0.0,0.0,0.0,0.0,APPROVE,No material fraud signals
T000766,C0062,0.0,0.0,0.0,0.0,APPROVE,No material fraud signals
T000767,C0089,0.0,0.0,0.0,0.0,APPROVE,No material fraud signals
T000768,C0106,0.0,0.0,0.0,0.0,APPROVE,No material fraud signals
T000769,C0061,0.0,0.0,0.0,0.0,APPROVE,No material fraud signals
T000770,C0044,0.0,0.0,0.0,0.0,APPROVE,No material fraud signals
T000771,C0116,0.0,0.0,0.0,0.0,APPROVE,No material fraud signals
T000772,C0065,0.0,0.0,0.0,0.0,APPROVE,No material fraud signals
T000773,C0007,0.0,0.0,0.0,0.0,APPROVE,No material fraud signals
T000774,C0002,0.0,0.0,0.0,0.0,APPROVE,No material fraud signals
T000775,C0045,0.0,0.0,0.0,0.0,APPROVE,No material fraud signals
T000776,C0007,0.0,0.0,0.0,0.0,APPROVE,No material fraud signals
T000777,C0043,0.0,0.0,0.0,0.0,APPROVE,No material fraud signals
T000778,C0013,0.0,0.0,0.0,0.0,APPROVE,No material fraud signals
T000779,C0033,0.0,0.0,0.0,0.0,APPROVE,No material fraud signals
T000780,C0071,0.0,0.0,0.0,0.0,APPROVE,No material fraud signals
T000781,C0106,0.0,0.0,0.0,0.0,APPROVE,No material fraud signals
T000782,C0016,0.0,0.0,0.0,0.0,APPROVE,No material fraud signals
T000783,C0003,0.0,0.0,0.0,0.0,APPROVE,No material fraud signals
T000784,C0018,0.0,0.0,0.0,0.0,APPROVE,No material fraud signals
T000785,C0110,0.0,0.0,0.0,0.0,APPROVE,No material fraud signals
T000786,C0002,0.0,0.0,0.0,0.0,APPROVE,No material fraud signals
T000787,C0034,0.0,0.0,0.0,0.0,APPROVE,No material fraud signals
T000788,C0084,0.0,0.0,0.0,0.0,APPROVE,No material fraud signals
T000789,C0078,0.0,0.0,0.0,0.0,APPROVE,No material fraud signals
T000790,C0003,0.0,0.0,0.0,0.0,APPROVE,No material fraud signals
T000791,C0087,0.0,0.0,0.0,0.0,APPROVE,No material fraud signals
T000792,C0054,0.0,0.0,0.0,0.0,APPROVE,No material fraud signals
T000793,C0052,0.0,0.0,0.0,0.0,APPROVE,No material fraud signals
T000794,C0070,0.0,0.0,0.0,0.0,APPROVE,No material fraud signals
T000795,C0062,0.0,0.0,0.0,0.0,APPROVE,No material fraud signals
T000796,C0038,0.0,0.0,0.0,0.0,APPROVE,No material fraud signals
T000797,C0096,0.0,0.0,0.0,0.0,APPROVE,No material fraud signals
T000798,C0053,0.0,0.0,0.0,0.0,APPROVE,No material fraud signals
T000799,C0032,0.0,0.0,0.0,0.0,APPROVE,No material fraud signals
T000800,C0106,0.0,0.0,0.0,0.0,APPROVE,No material fraud signals
T000801,C0011,0.0,0.0,0.0,0.0,APPROVE,No material fraud signals
T000802,C0080,0.0,0.0,0.0,0.0,APPROVE,No material fraud signals
T000803,C0066,0.0,0.0,0.0,0.0,APPROVE,No material fraud signals
T000804,C0079,0.0,0.0,0.0,0.0,APPROVE,No material fraud signals
T000805,C0085,0.0,0.0,0.0,0.0,APPROVE,No material fraud signals
T000806,C0031,0.0,0.0,0.0,0.0,APPROVE,No material fraud signals
T000807,C0100,0.0,0.0,0.0,0.0,APPROVE,No material fraud signals
T000808,C0024,0.0,0.0,0.0,0.0,APPROVE,No material fraud signals
T000809,C0003,0.0,0.0,0.0,0.0,APPROVE,No material fraud signals
T000810,C0121,0.0,0.0,0.0,0.0,APPROVE,No material fraud signals
T000811,C0050,0.0,0.0,0.0,0.0,APPROVE,No material fraud signals
T000812,C0031,0.0,0.0,0.0,0.0,APPROVE,No material fraud signals
T000813,C0014,0.0,0.0,0.0,0.0,APPROVE,No material fraud signals
T000814,C0099,0.0,0.0,0.0,0.0,APPROVE,No material fraud signals
T000815,C0015,85.0,100.0,0.0,67.5,REVIEW,"Signals: rules, anomalies"
T000816,C0005,0.0,0.0,0.0,0.0,APPROVE,No material fraud signals
T000817,C0034,0.0,0.0,0.0,0.0,APPROVE,No material fraud signals
T000818,C0082,0.0,0.0,0.0,0.0,APPROVE,No material fraud signals
T000819,C0107,0.0,0.0,0.0,0.0,APPROVE,No material fraud signals
T000820,C0019,0.0,0.0,0.0,0.0,APPROVE,No material fraud signals
T000821,C0102,0.0,0.0,0.0,0.0,APPROVE,No material fraud signals
T000822,C0024,0.0,0.0,0.0,0.0,APPROVE,No material fraud signals
T000823,C0077,0.0,0.0,0.0,0.0,APPROVE,No material fraud signals
T000824,C0063,0.0,0.0,0.0,0.0,APPROVE,No material fraud signals
T000825,C0004,0.0,0.0,0.0,0.0,APPROVE,No material fraud signals
T000826,C0035,0.0,0.0,0.0,0.0,APPROVE,No material fraud signals
T000827,C0026,0.0,0.0,0.0,0.0,APPROVE,No material fraud signals
T000828,C0085,0.0,0.0,0.0,0.0,APPROVE,No material fraud signals
T000829,C0107,0.0,0.0,0.0,0.0,APPROVE,No material fraud signals
T000830,C0083,0.0,0.0,0.0,0.0,APPROVE,No material fraud signals
T000831,C0050,0.0,0.0,0.0,0.0,APPROVE,No material fraud signals
T000832,C0022,0.0,0.0,0.0,0.0,APPROVE,No material fraud signals
T000833,C0089,0.0,0.0,0.0,0.0,APPROVE,No material fraud signals
T000834,C0087,0.0,0.0,0.0,0.0,APPROVE,No material fraud signals
T000835,C0105,0.0,0.0,0.0,0.0,APPROVE,No material fraud signals
T000836,C0119,0.0,0.0,0.0,0.0,APPROVE,No material fraud signals
T000837,C0019,0.0,0.0,0.0,0.0,APPROVE,No material fraud signals
T000838,C0053,0.0,0.0,0.0,0.0,APPROVE,No material fraud signals
T000839,C0026,0.0,0.0,0.0,0.0,APPROVE,No material fraud signals
T000840,C0012,0.0,0.0,0.0,0.0,APPROVE,No material fraud signals
T000841,C0091,0.0,0.0,0.0,0.0,APPROVE,No material fraud signals
T000842,C0075,0.0,0.0,0.0,0.0,APPROVE,No material fraud signals
T000843,C0049,0.0,0.0,0.0,0.0,APPROVE,No material fraud signals
T000844,C0087,0.0,0.0,0.0,0.0,APPROVE,No material fraud signals
T000845,C0010,0.0,0.0,0.0,0.0,APPROVE,No material fraud signals
T000846,C0115,0.0,0.0,0.0,0.0,APPROVE,No material fraud signals
T000847,C0110,0.0,0.0,0.0,0.0,APPROVE,No material fraud signals
T000848,C0038,0.0,0.0,0.0,0.0,APPROVE,No material fraud signals
T000849,C0029,0.0,0.0,0.0,0.0,APPROVE,No material fraud signals
T000850,C0120,0.0,0.0,0.0,0.0,APPROVE,No material fraud signals
T000851,C0077,0.0,0.0,0.0,0.0,APPROVE,No material fraud signals
T000852,C0057,0.0,0.0,0.0,0.0,APPROVE,No material fraud signals
T000853,C0105,0.0,0.0,0.0,0.0,APPROVE,No material fraud signals
T000854,C0015,0.0,0.0,0.0,0.0,APPROVE,No material fraud signals
T000855,C0019,0.0,0.0,0.0,0.0,APPROVE,No material fraud signals
T000856,C0123,0.0,0.0,0.0,0.0,APPROVE,No material fraud signals
T000857,C0045,0.0,0.0,0.0,0.0,APPROVE,No material fraud signals
T000858,C0091,0.0,0.0,0.0,0.0,APPROVE,No material fraud signals
T000859,C0093,0.0,0.0,0.0,0.0,APPROVE,No material fraud signals
T000860,C0040,0.0,0.0,0.0,0.0,APPROVE,No material fraud signals
T000861,C0008,0.0,0.0,0.0,0.0,APPROVE,No material fraud signals
T000862,C0122,0.0,0.0,0.0,0.0,APPROVE,No material fraud signals
T000863,C0034,0.0,0.0,0.0,0.0,APPROVE,No material fraud signals
T000864,C0086,0.0,0.0,0.0,0.0,APPROVE,No material fraud signals
T000865,C0068,0.0,0.0,0.0,0.0,APPROVE,No material fraud signals
T000866,C0094,0.0,0.0,0.0,0.0,APPROVE,No material fraud signals
T000867,C0010,0.0,0.0,0.0,0.0,APPROVE,No material fraud signals
T000868,C0070,0.0,0.0,0.0,0.0,APPROVE,No material fraud signals
T000869,C0051,0.0,0.0,0.0,0.0,APPROVE,No material fraud signals
T000870,C0111,0.0,0.0,0.0,0.0,APPROVE,No material fraud signals
T000871,C0094,0.0,0.0,0.0,0.0,APPROVE,No material fraud signals
T000872,C0024,0.0,0.0,0.0,0.0,APPROVE,No material fraud signals
T000873,C0016,0.0,0.0,0.0,0.0,APPROVE,No material fraud signals
T000874,C0000,0.0,0.0,0.0,0.0,APPROVE,No material fraud signals
T000875,C0116,0.0,0.0,0.0,0.0,APPROVE,No material fraud signals
T000876,C0037,0.0,0.0,0.0,0.0,APPROVE,No material fraud signals
T000877,C0081,0.0,65.08,0.0,16.27,APPROVE,Signals: anomalies
T000878,C0056,0.0,0.0,0.0,0.0,APPROVE,No material fraud signals
T000879,C0021,0.0,0.0,0.0,0.0,APPROVE,No material fraud signals
T000880,C0013,0.0,0.0,0.0,0.0,APPROVE,No material fraud signals
T000881,C0111,0.0,0.0,0.0,0.0,APPROVE,No material fraud signals
T000882,C0048,0.0,0.0,0.0,0.0,APPROVE,No material fraud signals
T000883,C0028,0.0,0.0,0.0,0.0,APPROVE,No material fraud signals
T000884,C0096,0.0,0.0,0.0,0.0,APPROVE,No material fraud signals
T000885,C0112,0.0,0.0,0.0,0.0,APPROVE,No material fraud signals
T000886,C0097,0.0,0.0,0.0,0.0,APPROVE,No material fraud signals
T000887,C0035,0.0,0.0,0.0,0.0,APPROVE,No material fraud signals
T000888,C0013,0.0,57.69,0.0,14.42,APPROVE,Signals: anomalies
T000889,C0074,0.0,0.0,0.0,0.0,APPROVE,No material fraud signals
T000890,C0008,0.0,0.0,0.0,0.0,APPROVE,No material fraud signals
T000891,C0082,0.0,0.0,0.0,0.0,APPROVE,No material fraud signals
T000892,C0113,0.0,0.0,0.0,0.0,APPROVE,No material fraud signals
T000893,C0112,0.0,0.0,0.0,0.0,APPROVE,No material fraud signals
T000894,C0084,0.0,0.0,0.0,0.0,APPROVE,No material fraud signals
T000895,C0000,0.0,0.0,0.0,0.0,APPROVE,No material fraud signals
T000896,C0108,0.0,0.0,0.0,0.0,APPROVE,No material fraud signals
T000897,C0025,0.0,0.0,0.0,0.0,APPROVE,No material fraud signals
T000898,C0023,0.0,0.0,0.0,0.0,APPROVE,No material fraud signals
T000899,C0010,0.0,0.0,0.0,0.0,APPROVE,No material fraud signals
T000900,C0103,0.0,0.0,0.0,0.0,APPROVE,No material fraud signals
T000901,C0032,0.0,0.0,0.0,0.0,APPROVE,No material fraud signals
T000902,C0047,0.0,0.0,0.0,0.0,APPROVE,No material fraud signals
T000903,C0042,0.0,0.0,0.0,0.0,APPROVE,No material fraud signals
T000904,C0115,0.0,0.0,0.0,0.0,APPROVE,No material fraud signals
T000905,C0056,0.0,0.0,0.0,0.0,APPROVE,No material fraud signals
T000906,C0016,0.0,0.0,0.0,0.0,APPROVE,No material fraud signals
T000907,C0103,0.0,0.0,0.0,0.0,APPROVE,No material fraud signals
T000908,C0028,0.0,0.0,0.0,0.0,APPROVE,No material fraud signals
T000909,C0075,0.0,0.0,0.0,0.0,APPROVE,No material fraud signals
T000910,C0003,0.0,0.0,0.0,0.0,APPROVE,No material fraud signals
T000911,C0063,0.0,0.0,0.0,0.0,APPROVE,No material fraud signals
T000912,C0119,0.0,0.0,0.0,0.0,APPROVE,No material fraud signals
T000913,C0082,0.0,62.78,0.0,15.7,APPROVE,Signals: anomalies
T000914,C0056,0.0,0.0,0.0,0.0,APPROVE,No material fraud signals
T000915,C0049,0.0,0.0,0.0,0.0,APPROVE,No material fraud signals
T000916,C0123,0.0,0.0,0.0,0.0,APPROVE,No material fraud signals
T000917,C0099,0.0,0.0,0.0,0.0,APPROVE,No material fraud signals
T000918,C0010,0.0,0.0,0.0,0.0,APPROVE,No material fraud signals
T000919,C0059,0.0,0.0,0.0,0.0,APPROVE,No material fraud signals
T000920,C0026,0.0,0.0,0.0,0.0,APPROVE,No material fraud signals
T000921,C0073,0.0,0.0,0.0,0.0,APPROVE,No material fraud signals
T000922,C0094,0.0,0.0,0.0,0.0,APPROVE,No material fraud signals
T000923,C0118,0.0,0.0,0.0,0.0,APPROVE,No material fraud signals
T000924,C0071,0.0,0.0,0.0,0.0,APPROVE,No material fraud signals
T000925,C0101,0.0,0.0,0.0,0.0,APPROVE,No material fraud signals
T000926,C0023,0.0,0.0,0.0,0.0,APPROVE,No material fraud signals
T000927,C0008,0.0,0.0,0.0,0.0,APPROVE,No material fraud signals
T000928,C0096,0.0,0.0,0.0,0.0,APPROVE,No material fraud signals
T000929,C0014,0.0,0.0,0.0,0.0,APPROVE,No material fraud signals
T000930,C0027,0.0,0.0,0.0,0.0,APPROVE,No material fraud signals
T000931,C0022,0.0,0.0,0.0,0.0,APPROVE,No material fraud signals
T000932,C0046,0.0,0.0,0.0,0.0,APPROVE,No material fraud signals
T000933,C0093,0.0,0.0,0.0,0.0,APPROVE,No material fraud signals
T000934,C0088,0.0,58.57,0.0,14.64,APPROVE,Signals: anomalies
T000935,C0027,0.0,0.0,0.0,0.0,APPROVE,No material fraud signals
T000936,C0113,0.0,0.0,0.0,0.0,APPROVE,No material fraud signals
T000937,C0059,0.0,0.0,0.0,0.0,APPROVE,No material fraud signals
T000938,C0081,0.0,0.0,0.0,0.0,APPROVE,No material fraud signals
T000939,C0048,0.0,0.0,0.0,0.0,APPROVE,No material fraud signals
T000940,C0066,0.0,0.0,0.0,0.0,APPROVE,No material fraud signals
T000941,C0019,0.0,0.0,0.0,0.0,APPROVE,No material fraud signals
T000942,C0098,0.0,0.0,0.0,0.0,APPROVE,No material fraud signals
T000943,C0014,0.0,0.0,0.0,0.0,APPROVE,No material fraud signals
T000944,C0105,0.0,0.0,0.0,0.0,APPROVE,No material fraud signals
T000945,C0025,0.0,0.0,0.0,0.0,APPROVE,No material fraud signals
T000946,C0039,0.0,0.0,0.0,0.0,APPROVE,No material fraud signals
T000947,C0045,0.0,0.0,0.0,0.0,APPROVE,No material fraud signals
T000948,C0072,0.0,0.0,0.0,0.0,APPROVE,No material fraud signals
T000949,C0114,0.0,0.0,0.0,0.0,APPROVE,No material fraud signals
T000950,C0008,0.0,0.0,0.0,0.0,APPROVE,No material fraud signals
T000951,C0099,0.0,0.0,0.0,0.0,APPROVE,No material fraud signals
T000952,C0102,0.0,0.0,0.0,0.0,APPROVE,No material fraud signals
T000953,C0014,0.0,0.0,0.0,0.0,APPROVE,No material fraud signals
T000954,C0091,0.0,0.0,0.0,0.0,APPROVE,No material fraud signals
T000955,C0050,0.0,0.0,0.0,0.0,APPROVE,No material fraud signals
T000956,C0109,0.0,0.0,0.0,0.0,APPROVE,No material fraud signals
T000957,C0091,0.0,0.0,0.0,0.0,APPROVE,No material fraud signals
T000958,C0003,0.0,0.0,0.0,0.0,APPROVE,No material fraud signals
T000959,C0015,0.0,0.0,0.0,0.0,APPROVE,No material fraud signals
T000960,C0050,0.0,0.0,0.0,0.0,APPROVE,No material fraud signals
T000961,C0090,0.0,0.0,0.0,0.0,APPROVE,No material fraud signals
T000962,C0060,0.0,0.0,0.0,0.0,APPROVE,No material fraud signals
T000963,C0060,0.0,0.0,0.0,0.0,APPROVE,No material fraud signals
T000964,C0032,0.0,0.0,0.0,0.0,APPROVE,No material fraud signals
T000965,C0055,0.0,0.0,0.0,0.0,APPROVE,No material fraud signals
T000966,C0087,0.0,0.0,0.0,0.0,APPROVE,No material fraud signals
T000967,C0020,0.0,0.0,0.0,0.0,APPROVE,No material fraud signals
T000968,C0097,0.0,0.0,0.0,0.0,APPROVE,No material fraud signals
T000969,C0013,0.0,0.0,0.0,0.0,APPROVE,No material fraud signals
T000970,C0118,0.0,0.0,0.0,0.0,APPROVE,No material fraud signals
T000971,C0103,0.0,0.0,0.0,0.0,APPROVE,No material fraud signals
T000972,C0106,0.0,0.0,0.0,0.0,APPROVE,No material fraud signals
T000973,C0012,0.0,0.0,0.0,0.0,APPROVE,No material fraud signals
T000974,C0055,0.0,0.0,0.0,0.0,APPROVE,No material fraud signals
T000975,C0009,0.0,0.0,0.0,0.0,APPROVE,No material fraud signals
T000976,C0081,0.0,0.0,0.0,0.0,APPROVE,No material fraud signals
T000977,C0069,0.0,0.0,0.0,0.0,APPROVE,No material fraud signals
T000978,C0117,0.0,0.0,0.0,0.0,APPROVE,No material fraud signals
T000979,C0093,0.0,0.0,0.0,0.0,APPROVE,No material fraud signals
T000980,C0047,0.0,0.0,0.0,0.0,APPROVE,No material fraud signals
T000981,C0000,0.0,0.0,0.0,0.0,APPROVE,No material fraud signals
T000982,C0097,0.0,0.0,0.0,0.0,APPROVE,No material fraud signals
T000983,C0092,0.0,0.0,0.0,0.0,APPROVE,No material fraud signals
T000984,C0102,0.0,0.0,0.0,0.0,APPROVE,No material fraud signals
T000985,C0124,0.0,57.36,0.0,14.34,APPROVE,Signals: anomalies
T000986,C0108,0.0,0.0,0.0,0.0,APPROVE,No material fraud signals
T000987,C0026,0.0,0.0,0.0,0.0,APPROVE,No material fraud signals
T000988,C0065,0.0,0.0,0.0,0.0,APPROVE,No material fraud signals
T000989,C0006,0.0,0.0,0.0,0.0,APPROVE,No material fraud signals
T000990,C0050,0.0,0.0,0.0,0.0,APPROVE,No material fraud signals
T000991,C0062,0.0,0.0,0.0,0.0,APPROVE,No material fraud signals
T000992,C0022,0.0,0.0,0.0,0.0,APPROVE,No material fraud signals
T000993,C0047,0.0,0.0,0.0,0.0,APPROVE,No material fraud signals
T000994,C0096,0.0,0.0,0.0,0.0,APPROVE,No material fraud signals
T000995,C0029,0.0,0.0,0.0,0.0,APPROVE,No material fraud signals
T000996,C0045,0.0,0.0,0.0,0.0,APPROVE,No material fraud signals
T000997,C0079,0.0,0.0,0.0,0.0,APPROVE,No material fraud signals
T000998,C0052,0.0,0.0,0.0,0.0,APPROVE,No material fraud signals
T000999,C0086,0.0,0.0,0.0,0.0,APPROVE,No material fraud signals
